mtllib scene.mtl
o Object_2
usemtl palette
v -0.800000011920929 0.10000000149011641 -1.2999999523162842
v -0.800000011920929 3.108624416010879e-16 -1.399999976158142
v -0.800000011920929 2.8865797581462886e-16 -1.2999999523162842
v -0.800000011920929 0.10000000149011642 -1.399999976158142
v -0.800000011920929 3.3306690738754696e-16 -1.5
v -0.800000011920929 3.108624416010879e-16 -1.399999976158142
v -0.800000011920929 0.10000000149011642 -1.399999976158142
v -0.800000011920929 0.20000000298023188 1.600000023841858
v -0.800000011920929 -3.3306690738754696e-16 1.5
v -0.800000011920929 -3.55271373174006e-16 1.600000023841858
v -0.800000011920929 0.2000000029802319 1.5
v -0.800000011920929 -3.108624416010879e-16 1.399999976158142
v -0.800000011920929 -3.3306690738754696e-16 1.5
v -0.800000011920929 0.2000000029802319 1.5
v -0.800000011920929 0.20000000298023193 1.399999976158142
v -0.800000011920929 -2.8865797581462886e-16 1.2999999523162842
v -0.800000011920929 -3.108624416010879e-16 1.399999976158142
v -0.800000011920929 0.20000000298023193 1.399999976158142
v -0.800000011920929 0.20000000298023196 1.2999999523162842
v -0.800000011920929 0.20000000298023252 -1.2999999523162842
v -0.800000011920929 0.10000000149011642 -1.399999976158142
v -0.800000011920929 0.10000000149011641 -1.2999999523162842
v -0.800000011920929 0.20000000298023254 -1.399999976158142
v -0.800000011920929 0.20000000298023254 -1.399999976158142
v -0.800000011920929 0.20000000298023257 -1.5
v -0.800000011920929 3.55271373174006e-16 -1.600000023841858
v -0.800000011920929 3.3306690738754696e-16 -1.5
v -0.800000011920929 0.20000000298023257 -1.5
v -0.800000011920929 0.3000000119209286 1.600000023841858
v -0.800000011920929 0.20000000298023188 1.600000023841858
v -0.800000011920929 0.3000000119209286 1.5
v -0.800000011920929 0.3000000119209286 1.399999976158142
v -0.800000011920929 0.20000000298023196 1.2999999523162842
v -0.800000011920929 0.20000000298023193 1.399999976158142
v -0.800000011920929 0.3000000119209286 1.399999976158142
v -0.800000011920929 0.3000000119209287 1.2999999523162842
v -0.800000011920929 0.30000001192092923 -1.2999999523162842
v -0.800000011920929 0.20000000298023254 -1.399999976158142
v -0.800000011920929 0.20000000298023252 -1.2999999523162842
v -0.800000011920929 0.3000000119209293 -1.399999976158142
v -0.800000011920929 0.20000000298023257 -1.5
v -0.800000011920929 0.20000000298023254 -1.399999976158142
v -0.800000011920929 0.3000000119209293 -1.399999976158142
v -0.800000011920929 0.3000000119209293 -1.5
v -0.800000011920929 0.3000000119209293 -1.5
v -0.800000011920929 0.3000000119209293 -1.600000023841858
v -0.800000011920929 0.40000000596046414 1.5
v -0.800000011920929 0.3000000119209286 1.5
v -0.800000011920929 0.3000000119209286 1.600000023841858
v -0.800000011920929 0.40000000596046414 1.5
v -0.800000011920929 0.3000000119209286 1.399999976158142
v -0.800000011920929 0.3000000119209286 1.5
v -0.800000011920929 0.40000000596046414 1.399999976158142
v -0.800000011920929 0.40000000596046414 1.399999976158142
v -0.800000011920929 0.4000000059604642 1.2999999523162842
v -0.800000011920929 0.30000001192092873 0.8999999761581422
v -0.800000011920929 0.3000000119209287 1.2999999523162842
v -0.800000011920929 0.4000000059604642 1.2999999523162842
v -0.800000011920929 0.40000000596046426 1
v -0.800000011920929 0.40000000596046426 0.8999999761581422
v -0.800000011920929 0.3000000119209288 0.8000000119209291
v -0.800000011920929 0.30000001192092873 0.8999999761581422
v -0.800000011920929 0.40000000596046426 0.8999999761581422
v -0.800000011920929 0.4000000059604643 0.8000000119209291
v -0.800000011920929 0.3000000119209288 0.6999999880790712
v -0.800000011920929 0.3000000119209288 0.8000000119209291
v -0.800000011920929 0.4000000059604643 0.8000000119209291
v -0.800000011920929 0.4000000059604643 0.6999999880790712
v -0.800000011920929 0.30000001192092884 0.600000023841858
v -0.800000011920929 0.3000000119209288 0.6999999880790712
v -0.800000011920929 0.4000000059604643 0.6999999880790712
v -0.800000011920929 0.40000000596046437 0.600000023841858
v -0.800000011920929 0.30000001192092884 0.5000000000000001
v -0.800000011920929 0.30000001192092884 0.600000023841858
v -0.800000011920929 0.40000000596046437 0.600000023841858
v -0.800000011920929 0.40000000596046437 0.5000000000000001
v -0.800000011920929 0.3000000119209289 0.300000011920929
v -0.800000011920929 0.30000001192092884 0.5000000000000001
v -0.800000011920929 0.40000000596046437 0.5000000000000001
v -0.800000011920929 0.40000000596046437 0.4000000059604646
v -0.800000011920929 0.4000000059604644 0.30000001192092907
v -0.800000011920929 0.3000000119209289 0.2000000029802323
v -0.800000011920929 0.3000000119209289 0.300000011920929
v -0.800000011920929 0.4000000059604644 0.30000001192092907
v -0.800000011920929 0.4000000059604644 0.20000000298023232
v -0.800000011920929 0.30000001192092896 0.10000000149011619
v -0.800000011920929 0.3000000119209289 0.2000000029802323
v -0.800000011920929 0.4000000059604644 0.20000000298023232
v -0.800000011920929 0.4000000059604645 0.1000000014901162
v -0.800000011920929 0.300000011920929 -0.20000000298023218
v -0.800000011920929 0.30000001192092896 0.10000000149011619
v -0.800000011920929 0.4000000059604645 0.1000000014901162
v -0.800000011920929 0.4000000059604645 8.88178432935015e-17
v -0.800000011920929 0.4000000059604645 -0.10000000149011604
v -0.800000011920929 0.40000000596046453 -0.20000000298023216
v -0.800000011920929 0.30000001192092907 -0.49999999999999994
v -0.800000011920929 0.300000011920929 -0.20000000298023218
v -0.800000011920929 0.40000000596046453 -0.20000000298023216
v -0.800000011920929 0.40000000596046453 -0.30000001192092884
v -0.800000011920929 0.4000000059604646 -0.4999999999999999
v -0.800000011920929 0.3000000119209291 -0.6999999880790709
v -0.800000011920929 0.30000001192092907 -0.49999999999999994
v -0.800000011920929 0.4000000059604646 -0.4999999999999999
v -0.800000011920929 0.40000000596046464 -0.6999999880790709
v -0.800000011920929 0.3000000119209292 -0.9999999999999999
v -0.800000011920929 0.3000000119209291 -0.6999999880790709
v -0.800000011920929 0.40000000596046464 -0.6999999880790709
v -0.800000011920929 0.40000000596046464 -0.8000000119209288
v -0.800000011920929 0.4000000059604647 -0.9999999999999999
v -0.800000011920929 0.3000000119209292 -1.100000023841858
v -0.800000011920929 0.3000000119209292 -0.9999999999999999
v -0.800000011920929 0.4000000059604647 -0.9999999999999999
v -0.800000011920929 0.4000000059604647 -1.100000023841858
v -0.800000011920929 0.3000000119209293 -1.399999976158142
v -0.800000011920929 0.30000001192092923 -1.2999999523162842
v -0.800000011920929 0.4000000059604647 -1.100000023841858
v -0.800000011920929 0.3000000119209292 -1.100000023841858
v -0.800000011920929 0.40000000596046476 -1.2000000476837158
v -0.800000011920929 0.4000000059604648 -1.399999976158142
v -0.800000011920929 0.4000000059604648 -1.399999976158142
v -0.800000011920929 0.4000000059604648 -1.5
v -0.800000011920929 0.3000000119209293 -1.600000023841858
v -0.800000011920929 0.3000000119209293 -1.5
v -0.800000011920929 0.4000000059604648 -1.5
v -0.800000011920929 0.4000000059604648 -1.600000023841858
v -0.800000011920929 0.49999999999999967 1.600000023841858
v -0.800000011920929 0.49999999999999967 1.5
v -0.800000011920929 0.40000000596046414 1.399999976158142
v -0.800000011920929 0.40000000596046414 1.5
v -0.800000011920929 0.49999999999999967 1.5
v -0.800000011920929 0.4000000059604642 1.2999999523162842
v -0.800000011920929 0.49999999999999967 1.399999976158142
v -0.800000011920929 0.4999999999999997 1.2999999523162842
v -0.800000011920929 0.40000000596046426 1
v -0.800000011920929 0.4000000059604642 1.2999999523162842
v -0.800000011920929 0.4999999999999997 1.2999999523162842
v -0.800000011920929 0.4999999999999998 1.100000023841858
v -0.800000011920929 0.4999999999999998 1
v -0.800000011920929 0.40000000596046426 0.8999999761581422
v -0.800000011920929 0.40000000596046426 1
v -0.800000011920929 0.4999999999999998 1
v -0.800000011920929 0.4000000059604643 0.8000000119209291
v -0.800000011920929 0.4000000059604643 0.6999999880790712
v -0.800000011920929 0.49999999999999983 0.6999999880790712
v -0.800000011920929 0.40000000596046437 0.600000023841858
v -0.800000011920929 0.4000000059604643 0.6999999880790712
v -0.800000011920929 0.49999999999999983 0.6999999880790712
v -0.800000011920929 0.40000000596046437 0.4000000059604646
v -0.800000011920929 0.40000000596046437 0.5000000000000001
v -0.800000011920929 0.4999999999999999 0.4000000059604646
v -0.800000011920929 0.4000000059604644 0.30000001192092907
v -0.800000011920929 0.40000000596046437 0.4000000059604646
v -0.800000011920929 0.4999999999999999 0.4000000059604646
v -0.800000011920929 0.4000000059604644 0.20000000298023232
v -0.800000011920929 0.4000000059604645 0.1000000014901162
v -0.800000011920929 0.49999999999999994 0.20000000298023235
v -0.800000011920929 0.5 0.10000000149011623
v -0.800000011920929 0.4000000059604645 8.88178432935015e-17
v -0.800000011920929 0.4000000059604645 0.1000000014901162
v -0.800000011920929 0.5 0.10000000149011623
v -0.800000011920929 0.5 1.1102230246251565e-16
v -0.800000011920929 0.4000000059604645 -0.10000000149011604
v -0.800000011920929 0.4000000059604645 8.88178432935015e-17
v -0.800000011920929 0.5 1.1102230246251565e-16
v -0.800000011920929 0.5 -0.10000000149011601
v -0.800000011920929 0.40000000596046453 -0.20000000298023216
v -0.800000011920929 0.4000000059604645 -0.10000000149011604
v -0.800000011920929 0.5 -0.10000000149011601
v -0.800000011920929 0.40000000596046453 -0.30000001192092884
v -0.800000011920929 0.5000000000000001 -0.30000001192092884
v -0.800000011920929 0.4000000059604646 -0.4999999999999999
v -0.800000011920929 0.40000000596046453 -0.30000001192092884
v -0.800000011920929 0.5000000000000001 -0.30000001192092884
v -0.800000011920929 0.5000000000000001 -0.4999999999999999
v -0.800000011920929 0.40000000596046464 -0.8000000119209288
v -0.800000011920929 0.40000000596046464 -0.6999999880790709
v -0.800000011920929 0.5000000000000001 -0.4999999999999999
v -0.800000011920929 0.4000000059604646 -0.4999999999999999
v -0.800000011920929 0.5000000000000002 -0.8000000119209288
v -0.800000011920929 0.4000000059604647 -0.9999999999999999
v -0.800000011920929 0.40000000596046464 -0.8000000119209288
v -0.800000011920929 0.5000000000000002 -0.8000000119209288
v -0.800000011920929 0.4000000059604647 -1.100000023841858
v -0.800000011920929 0.5000000000000002 -0.9999999999999999
v -0.800000011920929 0.5000000000000002 -1.100000023841858
v -0.800000011920929 0.40000000596046476 -1.2000000476837158
v -0.800000011920929 0.4000000059604647 -1.100000023841858
v -0.800000011920929 0.5000000000000002 -1.100000023841858
v -0.800000011920929 0.5000000000000002 -1.2000000476837158
v -0.800000011920929 0.4000000059604648 -1.399999976158142
v -0.800000011920929 0.40000000596046476 -1.2000000476837158
v -0.800000011920929 0.5000000000000002 -1.2000000476837158
v -0.800000011920929 0.5000000000000003 -1.5
v -0.800000011920929 0.4000000059604648 -1.600000023841858
v -0.800000011920929 0.4000000059604648 -1.5
v -0.800000011920929 0.5000000000000003 -1.5
v -0.800000011920929 0.5000000000000003 -1.600000023841858
v -0.800000011920929 0.6000000238418576 1.5000000000000002
v -0.800000011920929 0.49999999999999967 1.399999976158142
v -0.800000011920929 0.49999999999999967 1.5
v -0.800000011920929 0.49999999999999967 1.600000023841858
v -0.800000011920929 0.6000000238418576 1.3999999761581423
v -0.800000011920929 0.4999999999999998 1.100000023841858
v -0.800000011920929 0.4999999999999997 1.2999999523162842
v -0.800000011920929 0.6000000238418576 1.3999999761581423
v -0.800000011920929 0.49999999999999967 1.399999976158142
v -0.800000011920929 0.6000000238418577 1.1000000238418581
v -0.800000011920929 0.4999999999999998 1
v -0.800000011920929 0.4999999999999998 1.100000023841858
v -0.800000011920929 0.6000000238418577 1.1000000238418581
v -0.800000011920929 0.49999999999999983 0.6999999880790712
v -0.800000011920929 0.6000000238418577 0.8999999761581422
v -0.800000011920929 0.6000000238418577 0.8000000119209291
v -0.800000011920929 0.6000000238418578 0.600000023841858
v -0.800000011920929 0.49999999999999994 0.20000000298023235
v -0.800000011920929 0.4999999999999999 0.4000000059604646
v -0.800000011920929 0.49999999999999983 0.6999999880790712
v -0.800000011920929 0.6000000238418578 0.5000000000000001
v -0.800000011920929 0.6000000238418578 0.30000001192092907
v -0.800000011920929 0.6000000238418579 0.20000000298023238
v -0.800000011920929 0.5 0.10000000149011623
v -0.800000011920929 0.49999999999999994 0.20000000298023235
v -0.800000011920929 0.6000000238418579 0.20000000298023238
v -0.800000011920929 0.6000000238418579 0.10000000149011626
v -0.800000011920929 0.5000000000000001 -0.4999999999999999
v -0.800000011920929 0.5000000000000001 -0.30000001192092884
v -0.800000011920929 0.6000000238418579 0.10000000149011626
v -0.800000011920929 0.5 -0.10000000149011601
v -0.800000011920929 0.5000000000000002 -0.8000000119209288
v -0.800000011920929 0.5 1.1102230246251565e-16
v -0.800000011920929 0.5 0.10000000149011623
v -0.800000011920929 0.5000000000000002 -0.9999999999999999
v -0.800000011920929 0.600000023841858 -0.4999999999999999
v -0.800000011920929 0.6000000238418581 -0.8000000119209288
v -0.800000011920929 0.6000000238418581 -0.9999999999999999
v -0.800000011920929 0.5000000000000002 -1.100000023841858
v -0.800000011920929 0.5000000000000002 -0.9999999999999999
v -0.800000011920929 0.6000000238418581 -0.9999999999999999
v -0.800000011920929 0.6000000238418581 -1.1000000238418577
v -0.800000011920929 0.5000000000000003 -1.5
v -0.800000011920929 0.5000000000000002 -1.2000000476837158
v -0.800000011920929 0.6000000238418581 -1.1000000238418577
v -0.800000011920929 0.5000000000000003 -1.600000023841858
v -0.800000011920929 0.5000000000000002 -1.100000023841858
v -0.800000011920929 0.6000000238418581 -1.2000000476837156
v -0.800000011920929 0.6000000238418582 -1.4999999999999998
v -0.800000011920929 0.6000000238418582 -1.6000000238418577
v -0.800000011920929 0.6999999880790707 1.6000000238418581
v -0.800000011920929 0.6999999880790707 1.5000000000000002
v -0.800000011920929 0.6000000238418576 1.5000000000000002
v -0.800000011920929 0.6999999880790707 1.5000000000000002
v -0.800000011920929 0.6999999880790707 1.3999999761581423
v -0.800000011920929 0.6000000238418577 0.8999999761581422
v -0.800000011920929 0.6000000238418577 1.1000000238418581
v -0.800000011920929 0.6999999880790707 1.3999999761581423
v -0.800000011920929 0.6000000238418576 1.3999999761581423
v -0.800000011920929 0.6999999880790709 0.5000000000000001
v -0.800000011920929 0.6000000238418578 0.5000000000000001
v -0.800000011920929 0.6000000238418578 0.600000023841858
v -0.800000011920929 0.6999999880790709 0.5000000000000001
v -0.800000011920929 0.6000000238418578 0.30000001192092907
v -0.800000011920929 0.6000000238418578 0.5000000000000001
v -0.800000011920929 0.6999999880790709 0.40000000596046464
v -0.800000011920929 0.6999999880790709 0.3000000119209291
v -0.800000011920929 0.6000000238418579 0.20000000298023238
v -0.800000011920929 0.6000000238418578 0.30000001192092907
v -0.800000011920929 0.6999999880790709 0.3000000119209291
v -0.800000011920929 0.6000000238418579 0.10000000149011626
v -0.800000011920929 0.699999988079071 0.2000000029802324
v -0.800000011920929 0.699999988079071 0.10000000149011627
v -0.800000011920929 0.600000023841858 -0.4999999999999999
v -0.800000011920929 0.6000000238418579 0.10000000149011626
v -0.800000011920929 0.699999988079071 0.10000000149011627
v -0.800000011920929 0.699999988079071 -0.10000000149011597
v -0.800000011920929 0.699999988079071 -0.20000000298023207
v -0.800000011920929 0.6999999880790712 -0.3000000119209288
v -0.800000011920929 0.6999999880790712 -0.4000000059604643
v -0.800000011920929 0.6999999880790712 -0.49999999999999983
v -0.800000011920929 0.6000000238418581 -0.8000000119209288
v -0.800000011920929 0.600000023841858 -0.4999999999999999
v -0.800000011920929 0.6999999880790712 -0.49999999999999983
v -0.800000011920929 0.6999999880790713 -0.8000000119209288
v -0.800000011920929 0.6000000238418581 -0.9999999999999999
v -0.800000011920929 0.6000000238418581 -0.8000000119209288
v -0.800000011920929 0.6999999880790713 -0.8000000119209288
v -0.800000011920929 0.6000000238418581 -1.1000000238418577
v -0.800000011920929 0.6000000238418581 -1.2000000476837156
v -0.800000011920929 0.6999999880790713 -1.1000000238418577
v -0.800000011920929 0.6999999880790713 -1.2000000476837156
v -0.800000011920929 0.6000000238418582 -1.4999999999999998
v -0.800000011920929 0.6000000238418581 -1.2000000476837156
v -0.800000011920929 0.6999999880790713 -1.2000000476837156
v -0.800000011920929 0.6999999880790714 -1.4999999999999998
v -0.800000011920929 0.6000000238418582 -1.6000000238418577
v -0.800000011920929 0.6000000238418582 -1.4999999999999998
v -0.800000011920929 0.6999999880790714 -1.4999999999999998
v -0.800000011920929 0.6999999880790714 -1.6000000238418577
v -0.800000011920929 0.8000000119209286 1.5000000000000002
v -0.800000011920929 0.6999999880790707 1.6000000238418581
v -0.800000011920929 0.8000000119209286 1.5000000000000002
v -0.800000011920929 0.6999999880790707 1.5000000000000002
v -0.800000011920929 0.8000000119209286 1.2999999523162844
v -0.800000011920929 0.8000000119209287 0.8999999761581423
v -0.800000011920929 0.6000000238418577 0.8000000119209291
v -0.800000011920929 0.6000000238418577 0.8999999761581422
v -0.800000011920929 0.8000000119209287 0.8999999761581423
v -0.800000011920929 0.8000000119209287 0.8000000119209292
v -0.800000011920929 0.8000000119209287 0.8000000119209292
v -0.800000011920929 0.8000000119209288 0.6000000238418581
v -0.800000011920929 0.6999999880790709 0.40000000596046464
v -0.800000011920929 0.8000000119209288 0.6000000238418581
v -0.800000011920929 0.8000000119209288 0.40000000596046464
v -0.800000011920929 0.8000000119209288 0.40000000596046464
v -0.800000011920929 0.8000000119209288 0.3000000119209291
v -0.800000011920929 0.699999988079071 0.2000000029802324
v -0.800000011920929 0.6999999880790709 0.3000000119209291
v -0.800000011920929 0.8000000119209288 0.3000000119209291
v -0.800000011920929 0.800000011920929 0.2000000029802324
v -0.800000011920929 0.699999988079071 0.10000000149011627
v -0.800000011920929 0.699999988079071 0.2000000029802324
v -0.800000011920929 0.800000011920929 0.2000000029802324
v -0.800000011920929 0.800000011920929 0.1000000014901163
v -0.800000011920929 0.800000011920929 0.1000000014901163
v -0.800000011920929 0.800000011920929 1.77635686587003e-16
v -0.800000011920929 0.800000011920929 -0.10000000149011594
v -0.800000011920929 0.699999988079071 -0.20000000298023207
v -0.800000011920929 0.699999988079071 -0.10000000149011597
v -0.800000011920929 0.800000011920929 -0.10000000149011594
v -0.800000011920929 0.800000011920929 -0.20000000298023207
v -0.800000011920929 0.800000011920929 -0.20000000298023207
v -0.800000011920929 0.8000000119209291 -0.3000000119209288
v -0.800000011920929 0.6999999880790712 -0.4000000059604643
v -0.800000011920929 0.6999999880790712 -0.3000000119209288
v -0.800000011920929 0.8000000119209291 -0.3000000119209288
v -0.800000011920929 0.8000000119209291 -0.4000000059604643
v -0.800000011920929 0.8000000119209291 -0.4000000059604643
v -0.800000011920929 0.6999999880790713 -1.1000000238418577
v -0.800000011920929 0.6999999880790713 -0.8000000119209288
v -0.800000011920929 0.8000000119209292 -1.1000000238418577
v -0.800000011920929 0.6999999880790713 -1.2000000476837156
v -0.800000011920929 0.8000000119209292 -1.1000000238418577
v -0.800000011920929 0.6999999880790713 -1.1000000238418577
v -0.800000011920929 0.8000000119209293 -1.4999999999999998
v -0.800000011920929 0.6999999880790714 -1.6000000238418577
v -0.800000011920929 0.6999999880790714 -1.4999999999999998
v -0.800000011920929 0.8000000119209293 -1.4999999999999998
v -0.800000011920929 0.8999999761581418 1.6000000238418581
v -0.800000011920929 0.8000000119209286 1.2999999523162844
v -0.800000011920929 0.8999999761581418 1.2999999523162844
v -0.800000011920929 0.8000000119209287 0.8999999761581423
v -0.800000011920929 0.8000000119209286 1.2999999523162844
v -0.800000011920929 0.8999999761581418 1.2999999523162844
v -0.800000011920929 0.899999976158142 0.6999999880790713
v -0.800000011920929 0.899999976158142 0.6999999880790713
v -0.800000011920929 0.8000000119209288 0.40000000596046464
v -0.800000011920929 0.8000000119209288 0.3000000119209291
v -0.800000011920929 0.800000011920929 0.2000000029802324
v -0.800000011920929 0.8999999761581421 0.20000000298023243
v -0.800000011920929 0.800000011920929 0.1000000014901163
v -0.800000011920929 0.800000011920929 0.2000000029802324
v -0.800000011920929 0.8999999761581421 0.20000000298023243
v -0.800000011920929 0.8999999761581421 0.10000000149011631
v -0.800000011920929 0.800000011920929 1.77635686587003e-16
v -0.800000011920929 0.800000011920929 0.1000000014901163
v -0.800000011920929 0.8999999761581421 0.10000000149011631
v -0.800000011920929 0.8999999761581421 1.9984013913857226e-16
v -0.800000011920929 0.800000011920929 1.77635686587003e-16
v -0.800000011920929 0.8999999761581421 1.9984013913857226e-16
v -0.800000011920929 0.8999999761581421 -0.10000000149011593
v -0.800000011920929 0.800000011920929 -0.20000000298023207
v -0.800000011920929 0.800000011920929 -0.10000000149011594
v -0.800000011920929 0.8999999761581421 -0.10000000149011593
v -0.800000011920929 0.8000000119209291 -0.3000000119209288
v -0.800000011920929 0.8000000119209291 -0.4000000059604643
v -0.800000011920929 0.8000000119209292 -1.1000000238418577
v -0.800000011920929 0.8999999761581424 -1.6000000238418577
v 0.5 0.10000000149011581 1.399999976158142
v 0.5 -2.8865797581462886e-16 1.2999999523162842
v 0.5 -3.3306690738754696e-16 1.5
v 0.5 0.10000000149011583 1.2999999523162842
v 0.5 0.10000000149011645 -1.5
v 0.5 3.55271373174006e-16 -1.600000023841858
v 0.5 2.8865797581462886e-16 -1.2999999523162842
v 0.5 0.10000000149011648 -1.600000023841858
v 0.5 0.20000000298023188 1.600000023841858
v 0.5 -3.3306690738754696e-16 1.5
v 0.5 -3.55271373174006e-16 1.600000023841858
v 0.5 0.2000000029802319 1.5
v 0.5 0.2000000029802319 1.5
v 0.5 0.20000000298023193 1.399999976158142
v 0.5 0.10000000149011583 1.2999999523162842
v 0.5 0.10000000149011581 1.399999976158142
v 0.5 0.20000000298023193 1.399999976158142
v 0.5 0.20000000298023196 1.2999999523162842
v 0.5 0.3000000119209286 1.600000023841858
v 0.5 0.20000000298023188 1.600000023841858
v 0.5 0.20000000298023196 1.2999999523162842
v 0.5 0.3000000119209286 1.5
v 0.5 0.3000000119209287 1.2999999523162842
v 0.5 0.30000001192092923 -1.2999999523162842
v 0.5 0.3000000119209293 -1.5
v 0.5 0.10000000149011648 -1.600000023841858
v 0.5 0.10000000149011645 -1.5
v 0.5 0.3000000119209293 -1.5
v 0.5 0.3000000119209293 -1.600000023841858
v -0.5 -3.55271373174006e-16 1.600000023841858
v -0.5 -3.108624416010879e-16 1.399999976158142
v -0.5 0.10000000149011576 1.600000023841858
v -0.5 0.10000000149011579 1.5
v -0.5 -3.108624416010879e-16 1.399999976158142
v -0.5 -2.8865797581462886e-16 1.2999999523162842
v -0.5 0.10000000149011581 1.399999976158142
v -0.5 0.10000000149011581 1.399999976158142
v -0.5 0.10000000149011583 1.2999999523162842
v -0.5 2.8865797581462886e-16 -1.2999999523162842
v -0.5 3.3306690738754696e-16 -1.5
v -0.5 0.10000000149011641 -1.2999999523162842
v -0.5 0.10000000149011642 -1.399999976158142
v -0.5 3.3306690738754696e-16 -1.5
v -0.5 3.55271373174006e-16 -1.600000023841858
v -0.5 0.10000000149011645 -1.5
v -0.5 0.10000000149011645 -1.5
v -0.5 0.10000000149011648 -1.600000023841858
v -0.5 0.10000000149011641 -1.2999999523162842
v -0.5 0.10000000149011642 -1.399999976158142
v -0.5 0.20000000298023252 -1.2999999523162842
v -0.5 0.20000000298023254 -1.399999976158142
v -0.5 0.20000000298023254 -1.399999976158142
v -0.5 0.10000000149011648 -1.600000023841858
v -0.5 0.20000000298023257 -1.5
v -0.5 0.2000000029802326 -1.600000023841858
v -0.5 0.10000000149011576 1.600000023841858
v -0.5 0.10000000149011579 1.5
v -0.5 0.3000000119209286 1.600000023841858
v -0.5 0.10000000149011583 1.2999999523162842
v -0.5 0.3000000119209286 1.5
v -0.5 0.3000000119209286 1.5
v -0.5 0.3000000119209287 1.2999999523162842
v -0.5 0.20000000298023252 -1.2999999523162842
v -0.5 0.30000001192092923 -1.2999999523162842
v -0.5 0.20000000298023257 -1.5
v -0.5 0.2000000029802326 -1.600000023841858
v -0.5 0.3000000119209293 -1.5
v -0.5 0.3000000119209293 -1.5
v -0.5 0.3000000119209293 -1.600000023841858
v 0.800000011920929 -3.3306690738754696e-16 1.5
v 0.800000011920929 -3.108624416010879e-16 1.399999976158142
v 0.800000011920929 0.10000000149011581 1.399999976158142
v 0.800000011920929 -3.108624416010879e-16 1.399999976158142
v 0.800000011920929 -2.8865797581462886e-16 1.2999999523162842
v 0.800000011920929 0.10000000149011581 1.399999976158142
v 0.800000011920929 0.10000000149011583 1.2999999523162842
v 0.800000011920929 2.8865797581462886e-16 -1.2999999523162842
v 0.800000011920929 3.108624416010879e-16 -1.399999976158142
v 0.800000011920929 0.10000000149011641 -1.2999999523162842
v 0.800000011920929 3.108624416010879e-16 -1.399999976158142
v 0.800000011920929 3.3306690738754696e-16 -1.5
v 0.800000011920929 0.10000000149011642 -1.399999976158142
v 0.800000011920929 0.10000000149011642 -1.399999976158142
v 0.800000011920929 3.3306690738754696e-16 -1.5
v 0.800000011920929 3.55271373174006e-16 -1.600000023841858
v 0.800000011920929 0.10000000149011645 -1.5
v 0.800000011920929 0.10000000149011645 -1.5
v 0.800000011920929 0.10000000149011648 -1.600000023841858
v 0.800000011920929 0.10000000149011581 1.399999976158142
v 0.800000011920929 0.10000000149011583 1.2999999523162842
v 0.800000011920929 0.20000000298023193 1.399999976158142
v 0.800000011920929 0.20000000298023193 1.399999976158142
v 0.800000011920929 0.20000000298023196 1.2999999523162842
v 0.800000011920929 0.10000000149011648 -1.600000023841858
v 0.800000011920929 0.20000000298023257 -1.5
v 0.800000011920929 0.10000000149011642 -1.399999976158142
v 0.800000011920929 0.10000000149011645 -1.5
v 0.800000011920929 0.20000000298023257 -1.5
v 0.800000011920929 0.2000000029802326 -1.600000023841858
v 0.800000011920929 -3.55271373174006e-16 1.600000023841858
v 0.800000011920929 -3.3306690738754696e-16 1.5
v 0.800000011920929 0.3000000119209286 1.600000023841858
v 0.800000011920929 0.3000000119209286 1.5
v 0.800000011920929 0.3000000119209286 1.5
v 0.800000011920929 0.20000000298023193 1.399999976158142
v 0.800000011920929 0.20000000298023196 1.2999999523162842
v 0.800000011920929 0.3000000119209286 1.399999976158142
v 0.800000011920929 0.3000000119209286 1.399999976158142
v 0.800000011920929 0.3000000119209287 1.2999999523162842
v 0.800000011920929 0.10000000149011641 -1.2999999523162842
v 0.800000011920929 0.10000000149011642 -1.399999976158142
v 0.800000011920929 0.30000001192092923 -1.2999999523162842
v 0.800000011920929 0.3000000119209293 -1.399999976158142
v 0.800000011920929 0.3000000119209293 -1.399999976158142
v 0.800000011920929 0.20000000298023257 -1.5
v 0.800000011920929 0.2000000029802326 -1.600000023841858
v 0.800000011920929 0.3000000119209293 -1.5
v 0.800000011920929 0.3000000119209293 -1.5
v 0.800000011920929 0.3000000119209286 1.600000023841858
v 0.800000011920929 0.40000000596046414 1.600000023841858
v 0.800000011920929 0.3000000119209286 1.5
v 0.800000011920929 0.3000000119209286 1.399999976158142
v 0.800000011920929 0.40000000596046414 1.5
v 0.800000011920929 0.40000000596046414 1.5
v 0.800000011920929 0.40000000596046414 1.399999976158142
v 0.800000011920929 0.40000000596046414 1.399999976158142
v 0.800000011920929 0.3000000119209287 1.2000000476837158
v 0.800000011920929 0.3000000119209287 1.2000000476837158
v 0.800000011920929 0.30000001192092873 1.100000023841858
v 0.800000011920929 0.4000000059604642 1.2000000476837158
v 0.800000011920929 0.4000000059604642 1.2000000476837158
v 0.800000011920929 0.30000001192092873 1.100000023841858
v 0.800000011920929 0.30000001192092873 0.8999999761581422
v 0.800000011920929 0.40000000596046426 1.100000023841858
v 0.800000011920929 0.40000000596046426 1.100000023841858
v 0.800000011920929 0.30000001192092873 0.8999999761581422
v 0.800000011920929 0.3000000119209288 0.8000000119209291
v 0.800000011920929 0.40000000596046426 0.8999999761581422
v 0.800000011920929 0.40000000596046426 0.8999999761581422
v 0.800000011920929 0.3000000119209288 0.8000000119209291
v 0.800000011920929 0.3000000119209288 0.6999999880790712
v 0.800000011920929 0.4000000059604643 0.8000000119209291
v 0.800000011920929 0.4000000059604643 0.8000000119209291
v 0.800000011920929 0.3000000119209288 0.6999999880790712
v 0.800000011920929 0.30000001192092884 0.600000023841858
v 0.800000011920929 0.4000000059604643 0.6999999880790712
v 0.800000011920929 0.4000000059604643 0.6999999880790712
v 0.800000011920929 0.30000001192092884 0.600000023841858
v 0.800000011920929 0.30000001192092884 0.5000000000000001
v 0.800000011920929 0.40000000596046437 0.600000023841858
v 0.800000011920929 0.40000000596046437 0.600000023841858
v 0.800000011920929 0.30000001192092884 0.5000000000000001
v 0.800000011920929 0.3000000119209289 0.300000011920929
v 0.800000011920929 0.40000000596046437 0.5000000000000001
v 0.800000011920929 0.40000000596046437 0.5000000000000001
v 0.800000011920929 0.3000000119209289 0.300000011920929
v 0.800000011920929 0.30000001192092896 6.661338412448735e-17
v 0.800000011920929 0.4000000059604644 0.30000001192092907
v 0.800000011920929 0.4000000059604644 0.30000001192092907
v 0.800000011920929 0.4000000059604644 0.20000000298023232
v 0.800000011920929 0.30000001192092896 6.661338412448735e-17
v 0.800000011920929 0.30000001192092907 -0.4000000059604644
v 0.800000011920929 0.4000000059604645 8.88178432935015e-17
v 0.800000011920929 0.4000000059604645 8.88178432935015e-17
v 0.800000011920929 0.4000000059604645 -0.10000000149011604
v 0.800000011920929 0.30000001192092907 -0.4000000059604644
v 0.800000011920929 0.30000001192092907 -0.49999999999999994
v 0.800000011920929 0.4000000059604646 -0.40000000596046437
v 0.800000011920929 0.4000000059604646 -0.40000000596046437
v 0.800000011920929 0.30000001192092907 -0.49999999999999994
v 0.800000011920929 0.3000000119209292 -0.899999976158142
v 0.800000011920929 0.4000000059604646 -0.4999999999999999
v 0.800000011920929 0.4000000059604646 -0.4999999999999999
v 0.800000011920929 0.4000000059604646 -0.6000000238418578
v 0.800000011920929 0.40000000596046464 -0.6999999880790709
v 0.800000011920929 0.40000000596046464 -0.8000000119209288
v 0.800000011920929 0.3000000119209292 -0.899999976158142
v 0.800000011920929 0.3000000119209292 -1.100000023841858
v 0.800000011920929 0.4000000059604647 -0.899999976158142
v 0.800000011920929 0.4000000059604647 -0.899999976158142
v 0.800000011920929 0.4000000059604647 -0.9999999999999999
v 0.800000011920929 0.3000000119209292 -1.100000023841858
v 0.800000011920929 0.30000001192092923 -1.2000000476837158
v 0.800000011920929 0.4000000059604647 -1.100000023841858
v 0.800000011920929 0.4000000059604647 -1.100000023841858
v 0.800000011920929 0.30000001192092923 -1.2000000476837158
v 0.800000011920929 0.40000000596046476 -1.2000000476837158
v 0.800000011920929 0.40000000596046476 -1.2000000476837158
v 0.800000011920929 0.30000001192092923 -1.2999999523162842
v 0.800000011920929 0.3000000119209293 -1.399999976158142
v 0.800000011920929 0.40000000596046476 -1.2999999523162842
v 0.800000011920929 0.40000000596046476 -1.2999999523162842
v 0.800000011920929 0.3000000119209293 -1.399999976158142
v 0.800000011920929 0.3000000119209293 -1.5
v 0.800000011920929 0.4000000059604648 -1.399999976158142
v 0.800000011920929 0.4000000059604648 -1.399999976158142
v 0.800000011920929 0.40000000596046414 1.600000023841858
v 0.800000011920929 0.40000000596046414 1.5
v 0.800000011920929 0.49999999999999967 1.600000023841858
v 0.800000011920929 0.49999999999999967 1.5
v 0.800000011920929 0.49999999999999967 1.5
v 0.800000011920929 0.4000000059604642 1.2000000476837158
v 0.800000011920929 0.4000000059604642 1.2000000476837158
v 0.800000011920929 0.40000000596046426 1.100000023841858
v 0.800000011920929 0.4999999999999997 1.2000000476837158
v 0.800000011920929 0.4999999999999997 1.2000000476837158
v 0.800000011920929 0.40000000596046426 1.100000023841858
v 0.800000011920929 0.40000000596046426 0.8999999761581422
v 0.800000011920929 0.4999999999999998 1.100000023841858
v 0.800000011920929 0.4999999999999998 1.100000023841858
v 0.800000011920929 0.40000000596046426 0.8999999761581422
v 0.800000011920929 0.4000000059604643 0.8000000119209291
v 0.800000011920929 0.4999999999999998 0.8999999761581422
v 0.800000011920929 0.4999999999999998 0.8999999761581422
v 0.800000011920929 0.4000000059604643 0.6999999880790712
v 0.800000011920929 0.40000000596046437 0.600000023841858
v 0.800000011920929 0.49999999999999983 0.6999999880790712
v 0.800000011920929 0.40000000596046437 0.600000023841858
v 0.800000011920929 0.40000000596046437 0.5000000000000001
v 0.800000011920929 0.4999999999999999 0.600000023841858
v 0.800000011920929 0.4999999999999999 0.600000023841858
v 0.800000011920929 0.4000000059604644 0.30000001192092907
v 0.800000011920929 0.4000000059604644 0.20000000298023232
v 0.800000011920929 0.4999999999999999 0.5000000000000001
v 0.800000011920929 0.4999999999999999 0.5000000000000001
v 0.800000011920929 0.40000000596046437 0.5000000000000001
v 0.800000011920929 0.4000000059604645 8.88178432935015e-17
v 0.800000011920929 0.4000000059604645 -0.10000000149011604
v 0.800000011920929 0.49999999999999994 0.20000000298023235
v 0.800000011920929 0.49999999999999994 0.20000000298023235
v 0.800000011920929 0.4000000059604644 0.20000000298023232
v 0.800000011920929 0.4000000059604645 -0.10000000149011604
v 0.800000011920929 0.4000000059604646 -0.40000000596046437
v 0.800000011920929 0.5 -0.10000000149011601
v 0.800000011920929 0.5 -0.10000000149011601
v 0.800000011920929 0.4000000059604646 -0.4999999999999999
v 0.800000011920929 0.4000000059604646 -0.6000000238418578
v 0.800000011920929 0.5000000000000001 -0.40000000596046437
v 0.800000011920929 0.5000000000000001 -0.40000000596046437
v 0.800000011920929 0.4000000059604646 -0.40000000596046437
v 0.800000011920929 0.4000000059604646 -0.6000000238418578
v 0.800000011920929 0.40000000596046464 -0.6999999880790709
v 0.800000011920929 0.5000000000000001 -0.6000000238418578
v 0.800000011920929 0.5000000000000001 -0.6000000238418578
v 0.800000011920929 0.40000000596046464 -0.6999999880790709
v 0.800000011920929 0.40000000596046464 -0.8000000119209288
v 0.800000011920929 0.5000000000000001 -0.6999999880790709
v 0.800000011920929 0.5000000000000001 -0.6999999880790709
v 0.800000011920929 0.4000000059604647 -0.899999976158142
v 0.800000011920929 0.4000000059604647 -0.9999999999999999
v 0.800000011920929 0.5000000000000002 -0.8000000119209288
v 0.800000011920929 0.5000000000000002 -0.8000000119209288
v 0.800000011920929 0.40000000596046464 -0.8000000119209288
v 0.800000011920929 0.4000000059604647 -0.9999999999999999
v 0.800000011920929 0.4000000059604647 -1.100000023841858
v 0.800000011920929 0.5000000000000002 -0.9999999999999999
v 0.800000011920929 0.5000000000000002 -0.9999999999999999
v 0.800000011920929 0.40000000596046476 -1.2000000476837158
v 0.800000011920929 0.40000000596046476 -1.2999999523162842
v 0.800000011920929 0.4000000059604648 -1.399999976158142
v 0.800000011920929 0.5000000000000003 -1.399999976158142
v 0.800000011920929 0.5000000000000003 -1.399999976158142
v 0.800000011920929 0.5000000000000003 -1.5
v 0.800000011920929 0.5000000000000003 -1.5
v 0.800000011920929 0.5000000000000003 -1.600000023841858
v 0.800000011920929 0.49999999999999967 1.600000023841858
v 0.800000011920929 0.49999999999999967 1.5
v 0.800000011920929 0.6000000238418576 1.5000000000000002
v 0.800000011920929 0.4999999999999997 1.2000000476837158
v 0.800000011920929 0.6000000238418576 1.3999999761581423
v 0.800000011920929 0.4999999999999998 1.100000023841858
v 0.800000011920929 0.4999999999999998 0.8999999761581422
v 0.800000011920929 0.6000000238418577 1.200000047683716
v 0.800000011920929 0.6000000238418577 1.200000047683716
v 0.800000011920929 0.4999999999999997 1.2000000476837158
v 0.800000011920929 0.4999999999999998 0.8999999761581422
v 0.800000011920929 0.49999999999999983 0.6999999880790712
v 0.800000011920929 0.6000000238418577 0.8999999761581422
v 0.800000011920929 0.6000000238418577 0.8999999761581422
v 0.800000011920929 0.6000000238418577 0.8000000119209291
v 0.800000011920929 0.5000000000000001 -0.6000000238418578
v 0.800000011920929 0.5000000000000001 -0.6999999880790709
v 0.800000011920929 0.6000000238418578 0.5000000000000001
v 0.800000011920929 0.5000000000000002 -0.9999999999999999
v 0.800000011920929 0.5000000000000003 -1.399999976158142
v 0.800000011920929 0.5000000000000002 -0.8000000119209288
v 0.800000011920929 0.5000000000000003 -1.5
v 0.800000011920929 0.4999999999999999 0.5000000000000001
v 0.800000011920929 0.49999999999999994 0.20000000298023235
v 0.800000011920929 0.4999999999999999 0.600000023841858
v 0.800000011920929 0.4999999999999999 0.5000000000000001
v 0.800000011920929 0.6000000238418578 0.5000000000000001
v 0.800000011920929 0.49999999999999983 0.6999999880790712
v 0.800000011920929 0.5000000000000001 -0.40000000596046437
v 0.800000011920929 0.5 -0.10000000149011601
v 0.800000011920929 0.5000000000000003 -1.600000023841858
v 0.800000011920929 0.6000000238418578 0.30000001192092907
v 0.800000011920929 0.6000000238418579 0.20000000298023238
v 0.800000011920929 0.6000000238418579 0.10000000149011626
v 0.800000011920929 0.6000000238418579 -0.10000000149011598
v 0.800000011920929 0.600000023841858 -0.4999999999999999
v 0.800000011920929 0.600000023841858 -0.6999999880790709
v 0.800000011920929 0.6000000238418581 -0.8000000119209288
v 0.800000011920929 0.6000000238418581 -0.899999976158142
v 0.800000011920929 0.6000000238418581 -1.2000000476837156
v 0.800000011920929 0.6000000238418582 -1.3999999761581419
v 0.800000011920929 0.6000000238418582 -1.6000000238418577
v 0.800000011920929 0.6000000238418577 0.8000000119209291
v 0.800000011920929 0.6999999880790708 0.8999999761581422
v 0.800000011920929 0.6000000238418577 1.200000047683716
v 0.800000011920929 0.6000000238418577 0.8999999761581422
v 0.800000011920929 0.6999999880790708 0.8999999761581422
v 0.800000011920929 0.6000000238418576 1.3999999761581423
v 0.800000011920929 0.6999999880790708 0.8000000119209291
v 0.800000011920929 0.6999999880790708 0.8000000119209291
v 0.800000011920929 0.6999999880790709 0.6999999880790712
v 0.800000011920929 0.6999999880790709 0.6999999880790712
v 0.800000011920929 0.6000000238418578 0.30000001192092907
v 0.800000011920929 0.6999999880790709 0.600000023841858
v 0.800000011920929 0.6999999880790709 0.5000000000000001
v 0.800000011920929 0.6000000238418578 0.30000001192092907
v 0.800000011920929 0.6000000238418579 0.20000000298023238
v 0.800000011920929 0.6999999880790709 0.3000000119209291
v 0.800000011920929 0.6999999880790709 0.3000000119209291
v 0.800000011920929 0.6000000238418579 0.20000000298023238
v 0.800000011920929 0.6000000238418579 0.10000000149011626
v 0.800000011920929 0.699999988079071 0.2000000029802324
v 0.800000011920929 0.699999988079071 0.2000000029802324
v 0.800000011920929 0.6000000238418579 0.10000000149011626
v 0.800000011920929 0.6000000238418579 -0.10000000149011598
v 0.800000011920929 0.699999988079071 0.10000000149011627
v 0.800000011920929 0.699999988079071 0.10000000149011627
v 0.800000011920929 0.699999988079071 1.5543122080054396e-16
v 0.800000011920929 0.6000000238418579 -0.10000000149011598
v 0.800000011920929 0.600000023841858 -0.4999999999999999
v 0.800000011920929 0.699999988079071 -0.10000000149011597
v 0.800000011920929 0.699999988079071 -0.10000000149011597
v 0.800000011920929 0.600000023841858 -0.4999999999999999
v 0.800000011920929 0.600000023841858 -0.6999999880790709
v 0.800000011920929 0.6999999880790712 -0.49999999999999983
v 0.800000011920929 0.6999999880790712 -0.49999999999999983
v 0.800000011920929 0.6999999880790712 -0.6000000238418578
v 0.800000011920929 0.600000023841858 -0.6999999880790709
v 0.800000011920929 0.6000000238418581 -0.8000000119209288
v 0.800000011920929 0.6999999880790712 -0.6999999880790709
v 0.800000011920929 0.6999999880790712 -0.6999999880790709
v 0.800000011920929 0.6000000238418581 -0.8000000119209288
v 0.800000011920929 0.6000000238418581 -0.899999976158142
v 0.800000011920929 0.6999999880790713 -0.8000000119209288
v 0.800000011920929 0.6999999880790713 -0.8000000119209288
v 0.800000011920929 0.6000000238418581 -0.899999976158142
v 0.800000011920929 0.6000000238418581 -1.2000000476837156
v 0.800000011920929 0.6999999880790713 -0.899999976158142
v 0.800000011920929 0.6999999880790713 -0.899999976158142
v 0.800000011920929 0.6999999880790713 -0.9999999999999999
v 0.800000011920929 0.6999999880790713 -1.1000000238418577
v 0.800000011920929 0.6000000238418581 -1.2000000476837156
v 0.800000011920929 0.6000000238418582 -1.3999999761581419
v 0.800000011920929 0.6999999880790713 -1.2000000476837156
v 0.800000011920929 0.6999999880790713 -1.2000000476837156
v 0.800000011920929 0.6000000238418582 -1.3999999761581419
v 0.800000011920929 0.6000000238418582 -1.6000000238418577
v 0.800000011920929 0.6999999880790714 -1.3999999761581419
v 0.800000011920929 0.6999999880790714 -1.3999999761581419
v 0.800000011920929 0.6999999880790714 -1.4999999999999998
v 0.800000011920929 0.6999999880790714 -1.6000000238418577
v 0.800000011920929 0.6000000238418576 1.5000000000000002
v 0.800000011920929 0.6000000238418576 1.3999999761581423
v 0.800000011920929 0.8000000119209286 1.5000000000000002
v 0.800000011920929 0.8000000119209286 1.5000000000000002
v 0.800000011920929 0.8000000119209286 1.3999999761581423
v 0.800000011920929 0.8000000119209286 1.3999999761581423
v 0.800000011920929 0.6999999880790708 0.8000000119209291
v 0.800000011920929 0.8000000119209287 1.1000000238418581
v 0.800000011920929 0.8000000119209287 0.8000000119209292
v 0.800000011920929 0.8000000119209287 0.8000000119209292
v 0.800000011920929 0.8000000119209288 0.6000000238418581
v 0.800000011920929 0.6999999880790709 0.6999999880790712
v 0.800000011920929 0.6999999880790709 0.600000023841858
v 0.800000011920929 0.8000000119209288 0.6000000238418581
v 0.800000011920929 0.6999999880790709 0.5000000000000001
v 0.800000011920929 0.6999999880790709 0.3000000119209291
v 0.800000011920929 0.8000000119209288 0.5000000000000002
v 0.800000011920929 0.8000000119209288 0.5000000000000002
v 0.800000011920929 0.6999999880790709 0.3000000119209291
v 0.800000011920929 0.699999988079071 0.2000000029802324
v 0.800000011920929 0.8000000119209288 0.3000000119209291
v 0.800000011920929 0.8000000119209288 0.3000000119209291
v 0.800000011920929 0.699999988079071 0.10000000149011627
v 0.800000011920929 0.699999988079071 1.5543122080054396e-16
v 0.800000011920929 0.800000011920929 0.2000000029802324
v 0.800000011920929 0.800000011920929 0.2000000029802324
v 0.800000011920929 0.699999988079071 0.2000000029802324
v 0.800000011920929 0.800000011920929 0.1000000014901163
v 0.800000011920929 0.800000011920929 1.77635686587003e-16
v 0.800000011920929 0.800000011920929 1.77635686587003e-16
v 0.800000011920929 0.699999988079071 -0.10000000149011597
v 0.800000011920929 0.6999999880790712 -0.49999999999999983
v 0.800000011920929 0.800000011920929 -0.10000000149011594
v 0.800000011920929 0.800000011920929 -0.10000000149011594
v 0.800000011920929 0.8000000119209291 -0.49999999999999983
v 0.800000011920929 0.8000000119209291 -0.49999999999999983
v 0.800000011920929 0.6999999880790712 -0.6000000238418578
v 0.800000011920929 0.8000000119209291 -0.6000000238418577
v 0.800000011920929 0.8000000119209291 -0.6000000238418577
v 0.800000011920929 0.6999999880790712 -0.6999999880790709
v 0.800000011920929 0.6999999880790713 -0.8000000119209288
v 0.800000011920929 0.8000000119209291 -0.6999999880790708
v 0.800000011920929 0.8000000119209291 -0.6999999880790708
v 0.800000011920929 0.8000000119209292 -0.8000000119209287
v 0.800000011920929 0.8000000119209292 -0.8000000119209287
v 0.800000011920929 0.6999999880790713 -0.9999999999999999
v 0.800000011920929 0.6999999880790713 -0.9999999999999999
v 0.800000011920929 0.6999999880790713 -1.1000000238418577
v 0.800000011920929 0.8000000119209292 -0.9999999999999998
v 0.800000011920929 0.8000000119209292 -0.9999999999999998
v 0.800000011920929 0.8000000119209292 -1.1000000238418577
v 0.800000011920929 0.8000000119209292 -1.1000000238418577
v 0.800000011920929 0.6999999880790713 -1.2000000476837156
v 0.800000011920929 0.6999999880790714 -1.3999999761581419
v 0.800000011920929 0.8000000119209292 -1.2000000476837156
v 0.800000011920929 0.8000000119209292 -1.2000000476837156
v 0.800000011920929 0.8000000119209293 -1.3999999761581419
v 0.800000011920929 0.8000000119209293 -1.3999999761581419
v 0.800000011920929 0.6999999880790714 -1.4999999999999998
v 0.800000011920929 0.6999999880790714 -1.6000000238418577
v 0.800000011920929 0.8000000119209293 -1.4999999999999998
v 0.800000011920929 0.8000000119209293 -1.4999999999999998
v 0.800000011920929 0.8999999761581418 1.6000000238418581
v 0.800000011920929 0.8000000119209286 1.3999999761581423
v 0.800000011920929 0.8000000119209287 1.1000000238418581
v 0.800000011920929 0.8000000119209287 1.1000000238418581
v 0.800000011920929 0.8000000119209287 0.8000000119209292
v 0.800000011920929 0.8999999761581419 1.1000000238418581
v 0.800000011920929 0.8999999761581419 1.1000000238418581
v 0.800000011920929 0.8999999761581419 0.8000000119209292
v 0.800000011920929 0.8999999761581419 0.8000000119209292
v 0.800000011920929 0.899999976158142 0.6999999880790713
v 0.800000011920929 0.899999976158142 0.6999999880790713
v 0.800000011920929 0.8000000119209288 0.5000000000000002
v 0.800000011920929 0.8000000119209288 0.3000000119209291
v 0.800000011920929 0.8000000119209288 0.3000000119209291
v 0.800000011920929 0.800000011920929 0.2000000029802324
v 0.800000011920929 0.899999976158142 0.3000000119209292
v 0.800000011920929 0.899999976158142 0.3000000119209292
v 0.800000011920929 0.800000011920929 0.1000000014901163
v 0.800000011920929 0.800000011920929 0.1000000014901163
v 0.800000011920929 0.800000011920929 1.77635686587003e-16
v 0.800000011920929 0.8999999761581421 0.10000000149011631
v 0.800000011920929 0.8999999761581421 0.10000000149011631
v 0.800000011920929 0.8000000119209292 -0.8000000119209287
v 0.800000011920929 0.8000000119209292 -0.9999999999999998
v 0.800000011920929 0.8999999761581421 -0.10000000149011593
v 0.800000011920929 0.8999999761581421 -0.10000000149011593
v 0.800000011920929 0.8000000119209291 -0.6999999880790708
v 0.800000011920929 0.8000000119209292 -1.2000000476837156
v 0.800000011920929 0.8000000119209293 -1.3999999761581419
v 0.800000011920929 0.800000011920929 -0.10000000149011594
v 0.800000011920929 0.8000000119209291 -0.49999999999999983
v 0.800000011920929 0.8000000119209292 -1.1000000238418577
v 0.800000011920929 0.8000000119209291 -0.6000000238418577
v 0.800000011920929 0.8999999761581424 -1.6000000238418577
v -0.699999988079071 -3.55271373174006e-16 1.600000023841858
v -0.800000011920929 0.20000000298023188 1.600000023841858
v -0.800000011920929 -3.55271373174006e-16 1.600000023841858
v -0.699999988079071 0.10000000149011576 1.600000023841858
v -0.699999988079071 0.20000000298023188 1.600000023841858
v -0.800000011920929 0.3000000119209286 1.600000023841858
v -0.800000011920929 0.20000000298023188 1.600000023841858
v -0.699999988079071 0.20000000298023188 1.600000023841858
v -0.699999988079071 0.3000000119209286 1.600000023841858
v -0.800000011920929 0.49999999999999967 1.600000023841858
v -0.800000011920929 0.3000000119209286 1.600000023841858
v -0.699999988079071 0.3000000119209286 1.600000023841858
v -0.699999988079071 0.40000000596046414 1.600000023841858
v -0.699999988079071 0.49999999999999967 1.600000023841858
v -0.800000011920929 0.6999999880790707 1.6000000238418581
v -0.800000011920929 0.49999999999999967 1.600000023841858
v -0.699999988079071 0.49999999999999967 1.600000023841858
v -0.699999988079071 0.6000000238418576 1.6000000238418581
v -0.699999988079071 0.6999999880790707 1.6000000238418581
v -0.800000011920929 0.8999999761581418 1.6000000238418581
v -0.800000011920929 0.6999999880790707 1.6000000238418581
v -0.699999988079071 0.6999999880790707 1.6000000238418581
v -0.699999988079071 0.8000000119209286 1.6000000238418581
v -0.6000000238418579 -3.55271373174006e-16 1.600000023841858
v -0.699999988079071 0.10000000149011576 1.600000023841858
v -0.699999988079071 -3.55271373174006e-16 1.600000023841858
v -0.6000000238418579 0.10000000149011576 1.600000023841858
v -0.699999988079071 0.10000000149011576 1.600000023841858
v -0.6000000238418579 0.10000000149011576 1.600000023841858
v -0.699999988079071 0.40000000596046414 1.600000023841858
v -0.6000000238418579 0.3000000119209286 1.600000023841858
v -0.6000000238418579 0.40000000596046414 1.600000023841858
v -0.699999988079071 0.49999999999999967 1.600000023841858
v -0.699999988079071 0.40000000596046414 1.600000023841858
v -0.6000000238418579 0.40000000596046414 1.600000023841858
v -0.6000000238418579 0.49999999999999967 1.600000023841858
v -0.6000000238418579 0.49999999999999967 1.600000023841858
v -0.5 -3.55271373174006e-16 1.600000023841858
v -0.6000000238418579 0.10000000149011576 1.600000023841858
v -0.6000000238418579 -3.55271373174006e-16 1.600000023841858
v -0.5 0.10000000149011576 1.600000023841858
v -0.6000000238418579 0.3000000119209286 1.600000023841858
v -0.6000000238418579 0.10000000149011576 1.600000023841858
v -0.5 0.10000000149011576 1.600000023841858
v -0.5 0.3000000119209286 1.600000023841858
v -0.6000000238418579 0.40000000596046414 1.600000023841858
v -0.6000000238418579 0.3000000119209286 1.600000023841858
v -0.5 0.3000000119209286 1.600000023841858
v -0.5 0.40000000596046414 1.600000023841858
v -0.6000000238418579 0.49999999999999967 1.600000023841858
v -0.5 0.40000000596046414 1.600000023841858
v -0.5 0.49999999999999967 1.600000023841858
v -0.5 0.49999999999999967 1.600000023841858
v -0.5 0.8000000119209286 1.6000000238418581
v -0.5 0.8000000119209286 1.6000000238418581
v -0.699999988079071 0.8000000119209286 1.6000000238418581
v -0.699999988079071 0.6999999880790707 1.6000000238418581
v -0.5 0.8999999761581418 1.6000000238418581
v -0.4000000059604645 0.3000000119209286 1.600000023841858
v -0.4000000059604645 0.40000000596046414 1.600000023841858
v -0.5 0.49999999999999967 1.600000023841858
v -0.5 0.40000000596046414 1.600000023841858
v -0.4000000059604645 0.40000000596046414 1.600000023841858
v -0.30000001192092896 0.49999999999999967 1.600000023841858
v -0.30000001192092896 0.49999999999999967 1.600000023841858
v -0.30000001192092896 0.6000000238418576 1.6000000238418581
v -0.699999988079071 0.6000000238418576 1.6000000238418581
v -0.30000001192092896 0.6000000238418576 1.6000000238418581
v -0.30000001192092896 0.6999999880790707 1.6000000238418581
v -0.30000001192092896 0.6999999880790707 1.6000000238418581
v -0.20000000298023224 0.3000000119209286 1.600000023841858
v -0.4000000059604645 0.40000000596046414 1.600000023841858
v -0.4000000059604645 0.3000000119209286 1.600000023841858
v -0.20000000298023224 0.40000000596046414 1.600000023841858
v -0.20000000298023224 0.40000000596046414 1.600000023841858
v -0.20000000298023224 0.49999999999999967 1.600000023841858
v -0.30000001192092896 0.49999999999999967 1.600000023841858
v -0.20000000298023224 0.49999999999999967 1.600000023841858
v -0.20000000298023224 0.6000000238418576 1.6000000238418581
v -0.30000001192092896 0.6000000238418576 1.6000000238418581
v -0.20000000298023224 0.6000000238418576 1.6000000238418581
v -0.10000000149011612 0.40000000596046414 1.600000023841858
v -0.20000000298023224 0.40000000596046414 1.600000023841858
v -0.20000000298023224 0.3000000119209286 1.600000023841858
v -0.10000000149011612 0.40000000596046414 1.600000023841858
v -0.20000000298023224 0.49999999999999967 1.600000023841858
v -0.20000000298023224 0.40000000596046414 1.600000023841858
v -0.10000000149011612 0.49999999999999967 1.600000023841858
v -0.20000000298023224 0.6000000238418576 1.6000000238418581
v -0.20000000298023224 0.49999999999999967 1.600000023841858
v -0.10000000149011612 0.49999999999999967 1.600000023841858
v 0 0.40000000596046414 1.600000023841858
v 0 0.40000000596046414 1.600000023841858
v -0.10000000149011612 0.49999999999999967 1.600000023841858
v -0.10000000149011612 0.40000000596046414 1.600000023841858
v 0 0.49999999999999967 1.600000023841858
v 0 0.49999999999999967 1.600000023841858
v 0 0.8000000119209286 1.6000000238418581
v 0 0.8000000119209286 1.6000000238418581
v -0.5 0.8999999761581418 1.6000000238418581
v -0.5 0.8000000119209286 1.6000000238418581
v 0 0.8999999761581418 1.6000000238418581
v 0.10000000149011612 0.8000000119209286 1.6000000238418581
v 0.10000000149011612 0.8000000119209286 1.6000000238418581
v 0 0.8999999761581418 1.6000000238418581
v 0 0.8000000119209286 1.6000000238418581
v 0.10000000149011612 0.8999999761581418 1.6000000238418581
v 0.20000000298023224 0.40000000596046414 1.600000023841858
v 0 0.49999999999999967 1.600000023841858
v 0 0.40000000596046414 1.600000023841858
v 0.20000000298023224 0.40000000596046414 1.600000023841858
v 0.20000000298023224 0.49999999999999967 1.600000023841858
v 0.20000000298023224 0.49999999999999967 1.600000023841858
v 0.20000000298023224 0.8000000119209286 1.6000000238418581
v 0.10000000149011612 0.8999999761581418 1.6000000238418581
v 0.10000000149011612 0.8000000119209286 1.6000000238418581
v 0.20000000298023224 0.8000000119209286 1.6000000238418581
v 0.20000000298023224 0.8999999761581418 1.6000000238418581
v 0.30000001192092896 0.3000000119209286 1.600000023841858
v 0.30000001192092896 0.40000000596046414 1.600000023841858
v 0.20000000298023224 0.49999999999999967 1.600000023841858
v 0.20000000298023224 0.40000000596046414 1.600000023841858
v 0.30000001192092896 0.40000000596046414 1.600000023841858
v 0.30000001192092896 0.49999999999999967 1.600000023841858
v 0.30000001192092896 0.49999999999999967 1.600000023841858
v 0.30000001192092896 0.6000000238418576 1.6000000238418581
v 0.30000001192092896 0.6000000238418576 1.6000000238418581
v 0.4000000059604645 0.3000000119209286 1.600000023841858
v 0.30000001192092896 0.40000000596046414 1.600000023841858
v 0.30000001192092896 0.3000000119209286 1.600000023841858
v 0.4000000059604645 0.40000000596046414 1.600000023841858
v 0.4000000059604645 0.40000000596046414 1.600000023841858
v 0.4000000059604645 0.49999999999999967 1.600000023841858
v 0.30000001192092896 0.6000000238418576 1.6000000238418581
v 0.30000001192092896 0.49999999999999967 1.600000023841858
v 0.4000000059604645 0.49999999999999967 1.600000023841858
v 0.4000000059604645 0.6000000238418576 1.6000000238418581
v 0.4000000059604645 0.6000000238418576 1.6000000238418581
v 0.5 0.3000000119209286 1.600000023841858
v 0.4000000059604645 0.40000000596046414 1.600000023841858
v 0.4000000059604645 0.3000000119209286 1.600000023841858
v 0.5 0.40000000596046414 1.600000023841858
v 0.5 0.40000000596046414 1.600000023841858
v 0.5 0.49999999999999967 1.600000023841858
v 0.4000000059604645 0.6000000238418576 1.6000000238418581
v 0.4000000059604645 0.49999999999999967 1.600000023841858
v 0.5 0.49999999999999967 1.600000023841858
v 0.5 0.8000000119209286 1.6000000238418581
v 0.20000000298023224 0.8999999761581418 1.6000000238418581
v 0.20000000298023224 0.8000000119209286 1.6000000238418581
v 0.5 0.8000000119209286 1.6000000238418581
v 0.5 0.8999999761581418 1.6000000238418581
v 0.6000000238418579 -3.55271373174006e-16 1.600000023841858
v 0.5 0.20000000298023188 1.600000023841858
v 0.5 -3.55271373174006e-16 1.600000023841858
v 0.6000000238418579 0.20000000298023188 1.600000023841858
v 0.5 0.20000000298023188 1.600000023841858
v 0.6000000238418579 0.20000000298023188 1.600000023841858
v 0.6000000238418579 0.3000000119209286 1.600000023841858
v 0.6000000238418579 0.40000000596046414 1.600000023841858
v 0.5 0.49999999999999967 1.600000023841858
v 0.5 0.40000000596046414 1.600000023841858
v 0.6000000238418579 0.40000000596046414 1.600000023841858
v 0.6000000238418579 0.6000000238418576 1.6000000238418581
v 0.6000000238418579 0.6000000238418576 1.6000000238418581
v 0.6000000238418579 0.6999999880790707 1.6000000238418581
v 0.699999988079071 -3.55271373174006e-16 1.600000023841858
v 0.6000000238418579 0.3000000119209286 1.600000023841858
v 0.6000000238418579 0.20000000298023188 1.600000023841858
v 0.6000000238418579 -3.55271373174006e-16 1.600000023841858
v 0.699999988079071 0.3000000119209286 1.600000023841858
v 0.6000000238418579 0.40000000596046414 1.600000023841858
v 0.6000000238418579 0.3000000119209286 1.600000023841858
v 0.699999988079071 0.3000000119209286 1.600000023841858
v 0.699999988079071 0.40000000596046414 1.600000023841858
v 0.699999988079071 0.40000000596046414 1.600000023841858
v 0.699999988079071 0.49999999999999967 1.600000023841858
v 0.699999988079071 0.49999999999999967 1.600000023841858
v 0.699999988079071 0.6000000238418576 1.6000000238418581
v 0.6000000238418579 0.6999999880790707 1.6000000238418581
v 0.6000000238418579 0.6000000238418576 1.6000000238418581
v 0.699999988079071 0.6000000238418576 1.6000000238418581
v 0.699999988079071 0.6999999880790707 1.6000000238418581
v 0.699999988079071 0.6999999880790707 1.6000000238418581
v 0.699999988079071 0.8000000119209286 1.6000000238418581
v 0.5 0.8999999761581418 1.6000000238418581
v 0.5 0.8000000119209286 1.6000000238418581
v 0.699999988079071 0.8000000119209286 1.6000000238418581
v 0.800000011920929 -3.55271373174006e-16 1.600000023841858
v 0.699999988079071 0.3000000119209286 1.600000023841858
v 0.699999988079071 -3.55271373174006e-16 1.600000023841858
v 0.800000011920929 0.3000000119209286 1.600000023841858
v 0.800000011920929 0.3000000119209286 1.600000023841858
v 0.800000011920929 0.40000000596046414 1.600000023841858
v 0.699999988079071 0.49999999999999967 1.600000023841858
v 0.699999988079071 0.40000000596046414 1.600000023841858
v 0.800000011920929 0.40000000596046414 1.600000023841858
v 0.800000011920929 0.49999999999999967 1.600000023841858
v 0.699999988079071 0.6999999880790707 1.6000000238418581
v 0.800000011920929 0.49999999999999967 1.600000023841858
v 0.800000011920929 0.8999999761581418 1.6000000238418581
v -0.699999988079071 2.8865797581462886e-16 -1.2999999523162842
v -0.800000011920929 0.10000000149011641 -1.2999999523162842
v -0.800000011920929 2.8865797581462886e-16 -1.2999999523162842
v -0.699999988079071 0.10000000149011641 -1.2999999523162842
v -0.800000011920929 0.20000000298023252 -1.2999999523162842
v -0.800000011920929 0.10000000149011641 -1.2999999523162842
v -0.699999988079071 0.10000000149011641 -1.2999999523162842
v -0.699999988079071 0.20000000298023252 -1.2999999523162842
v -0.800000011920929 0.30000001192092923 -1.2999999523162842
v -0.800000011920929 0.20000000298023252 -1.2999999523162842
v -0.699999988079071 0.20000000298023252 -1.2999999523162842
v -0.699999988079071 0.30000001192092923 -1.2999999523162842
v -0.6000000238418579 0.10000000149011641 -1.2999999523162842
v -0.699999988079071 2.8865797581462886e-16 -1.2999999523162842
v -0.699999988079071 0.30000001192092923 -1.2999999523162842
v -0.6000000238418579 0.20000000298023252 -1.2999999523162842
v -0.5 2.8865797581462886e-16 -1.2999999523162842
v -0.5 0.10000000149011641 -1.2999999523162842
v -0.6000000238418579 0.20000000298023252 -1.2999999523162842
v -0.6000000238418579 0.10000000149011641 -1.2999999523162842
v -0.5 0.10000000149011641 -1.2999999523162842
v -0.5 0.20000000298023252 -1.2999999523162842
v -0.5 0.20000000298023252 -1.2999999523162842
v -0.5 0.30000001192092923 -1.2999999523162842
v 0.699999988079071 0.10000000149011641 -1.2999999523162842
v 0.5 0.30000001192092923 -1.2999999523162842
v 0.5 2.8865797581462886e-16 -1.2999999523162842
v 0.699999988079071 0.30000001192092923 -1.2999999523162842
v 0.800000011920929 2.8865797581462886e-16 -1.2999999523162842
v 0.800000011920929 0.10000000149011641 -1.2999999523162842
v 0.699999988079071 0.30000001192092923 -1.2999999523162842
v 0.699999988079071 0.10000000149011641 -1.2999999523162842
v 0.800000011920929 0.10000000149011641 -1.2999999523162842
v 0.800000011920929 0.30000001192092923 -1.2999999523162842
v -0.800000011920929 -2.8865797581462886e-16 1.2999999523162842
v -0.800000011920929 0.20000000298023196 1.2999999523162842
v -0.699999988079071 -2.8865797581462886e-16 1.2999999523162842
v -0.800000011920929 0.20000000298023196 1.2999999523162842
v -0.800000011920929 0.3000000119209287 1.2999999523162842
v -0.699999988079071 0.20000000298023196 1.2999999523162842
v -0.699999988079071 0.20000000298023196 1.2999999523162842
v -0.699999988079071 0.3000000119209287 1.2999999523162842
v -0.699999988079071 -2.8865797581462886e-16 1.2999999523162842
v -0.6000000238418579 -2.8865797581462886e-16 1.2999999523162842
v -0.6000000238418579 0.10000000149011583 1.2999999523162842
v -0.6000000238418579 -2.8865797581462886e-16 1.2999999523162842
v -0.6000000238418579 0.10000000149011583 1.2999999523162842
v -0.5 -2.8865797581462886e-16 1.2999999523162842
v -0.5 0.10000000149011583 1.2999999523162842
v -0.5 0.10000000149011583 1.2999999523162842
v -0.5 0.3000000119209287 1.2999999523162842
v 0.5 -2.8865797581462886e-16 1.2999999523162842
v 0.5 0.10000000149011583 1.2999999523162842
v 0.6000000238418579 0.10000000149011583 1.2999999523162842
v 0.5 0.10000000149011583 1.2999999523162842
v 0.5 0.20000000298023196 1.2999999523162842
v 0.6000000238418579 0.10000000149011583 1.2999999523162842
v 0.5 0.20000000298023196 1.2999999523162842
v 0.5 0.3000000119209287 1.2999999523162842
v 0.6000000238418579 0.20000000298023196 1.2999999523162842
v 0.6000000238418579 0.20000000298023196 1.2999999523162842
v 0.699999988079071 -2.8865797581462886e-16 1.2999999523162842
v 0.699999988079071 0.10000000149011583 1.2999999523162842
v 0.699999988079071 0.20000000298023196 1.2999999523162842
v 0.699999988079071 0.3000000119209287 1.2999999523162842
v 0.699999988079071 -2.8865797581462886e-16 1.2999999523162842
v 0.699999988079071 0.10000000149011583 1.2999999523162842
v 0.800000011920929 -2.8865797581462886e-16 1.2999999523162842
v 0.800000011920929 0.10000000149011583 1.2999999523162842
v 0.800000011920929 0.10000000149011583 1.2999999523162842
v 0.699999988079071 0.20000000298023196 1.2999999523162842
v 0.699999988079071 0.3000000119209287 1.2999999523162842
v 0.800000011920929 0.20000000298023196 1.2999999523162842
v 0.800000011920929 0.20000000298023196 1.2999999523162842
v 0.800000011920929 0.3000000119209287 1.2999999523162842
v -0.800000011920929 3.55271373174006e-16 -1.600000023841858
v -0.800000011920929 0.3000000119209293 -1.600000023841858
v -0.699999988079071 3.55271373174006e-16 -1.600000023841858
v -0.699999988079071 0.2000000029802326 -1.600000023841858
v -0.800000011920929 0.3000000119209293 -1.600000023841858
v -0.800000011920929 0.4000000059604648 -1.600000023841858
v -0.699999988079071 0.3000000119209293 -1.600000023841858
v -0.699999988079071 0.3000000119209293 -1.600000023841858
v -0.800000011920929 0.4000000059604648 -1.600000023841858
v -0.800000011920929 0.5000000000000003 -1.600000023841858
v -0.699999988079071 0.4000000059604648 -1.600000023841858
v -0.699999988079071 0.4000000059604648 -1.600000023841858
v -0.800000011920929 0.5000000000000003 -1.600000023841858
v -0.800000011920929 0.6000000238418582 -1.6000000238418577
v -0.699999988079071 0.5000000000000003 -1.600000023841858
v -0.699999988079071 0.5000000000000003 -1.600000023841858
v -0.800000011920929 0.6999999880790714 -1.6000000238418577
v -0.800000011920929 0.8999999761581424 -1.6000000238418577
v -0.699999988079071 0.6999999880790714 -1.6000000238418577
v -0.800000011920929 0.6000000238418582 -1.6000000238418577
v -0.800000011920929 0.6999999880790714 -1.6000000238418577
v -0.699999988079071 0.6999999880790714 -1.6000000238418577
v -0.699999988079071 0.8000000119209293 -1.6000000238418577
v -0.699999988079071 3.55271373174006e-16 -1.600000023841858
v -0.699999988079071 0.2000000029802326 -1.600000023841858
v -0.6000000238418579 3.55271373174006e-16 -1.600000023841858
v -0.6000000238418579 0.10000000149011648 -1.600000023841858
v -0.699999988079071 0.2000000029802326 -1.600000023841858
v -0.699999988079071 0.3000000119209293 -1.600000023841858
v -0.6000000238418579 0.2000000029802326 -1.600000023841858
v -0.6000000238418579 0.2000000029802326 -1.600000023841858
v -0.699999988079071 0.4000000059604648 -1.600000023841858
v -0.699999988079071 0.5000000000000003 -1.600000023841858
v -0.6000000238418579 0.4000000059604648 -1.600000023841858
v -0.6000000238418579 0.4000000059604648 -1.600000023841858
v -0.6000000238418579 0.5000000000000003 -1.600000023841858
v -0.6000000238418579 0.5000000000000003 -1.600000023841858
v -0.6000000238418579 0.6000000238418582 -1.6000000238418577
v -0.6000000238418579 0.6000000238418582 -1.6000000238418577
v -0.699999988079071 0.6999999880790714 -1.6000000238418577
v -0.699999988079071 0.8000000119209293 -1.6000000238418577
v -0.6000000238418579 0.6999999880790714 -1.6000000238418577
v -0.6000000238418579 0.6999999880790714 -1.6000000238418577
v -0.6000000238418579 3.55271373174006e-16 -1.600000023841858
v -0.6000000238418579 0.10000000149011648 -1.600000023841858
v -0.5 3.55271373174006e-16 -1.600000023841858
v -0.6000000238418579 0.10000000149011648 -1.600000023841858
v -0.6000000238418579 0.2000000029802326 -1.600000023841858
v -0.5 0.10000000149011648 -1.600000023841858
v -0.5 0.10000000149011648 -1.600000023841858
v -0.6000000238418579 0.2000000029802326 -1.600000023841858
v -0.6000000238418579 0.4000000059604648 -1.600000023841858
v -0.5 0.2000000029802326 -1.600000023841858
v -0.5 0.2000000029802326 -1.600000023841858
v -0.5 0.3000000119209293 -1.600000023841858
v -0.5 0.6999999880790714 -1.6000000238418577
v -0.6000000238418579 0.6000000238418582 -1.6000000238418577
v -0.6000000238418579 0.6999999880790714 -1.6000000238418577
v -0.5 0.6999999880790714 -1.6000000238418577
v -0.5 0.8000000119209293 -1.6000000238418577
v -0.5 0.8000000119209293 -1.6000000238418577
v -0.5 0.8999999761581424 -1.6000000238418577
v -0.4000000059604645 0.3000000119209293 -1.600000023841858
v -0.6000000238418579 0.5000000000000003 -1.600000023841858
v -0.4000000059604645 0.4000000059604648 -1.600000023841858
v -0.4000000059604645 0.4000000059604648 -1.600000023841858
v -0.4000000059604645 0.6999999880790714 -1.6000000238418577
v -0.5 0.8000000119209293 -1.6000000238418577
v -0.5 0.8999999761581424 -1.6000000238418577
v -0.4000000059604645 0.6999999880790714 -1.6000000238418577
v -0.5 0.6999999880790714 -1.6000000238418577
v -0.4000000059604645 0.8000000119209293 -1.6000000238418577
v -0.4000000059604645 0.8999999761581424 -1.6000000238418577
v -0.30000001192092896 0.6000000238418582 -1.6000000238418577
v -0.30000001192092896 0.6000000238418582 -1.6000000238418577
v -0.4000000059604645 0.6999999880790714 -1.6000000238418577
v -0.4000000059604645 0.8000000119209293 -1.6000000238418577
v -0.30000001192092896 0.6999999880790714 -1.6000000238418577
v -0.30000001192092896 0.6999999880790714 -1.6000000238418577
v -0.4000000059604645 0.3000000119209293 -1.600000023841858
v -0.4000000059604645 0.4000000059604648 -1.600000023841858
v -0.20000000298023224 0.3000000119209293 -1.600000023841858
v -0.20000000298023224 0.4000000059604648 -1.600000023841858
v -0.20000000298023224 0.4000000059604648 -1.600000023841858
v -0.20000000298023224 0.5000000000000003 -1.600000023841858
v -0.20000000298023224 0.5000000000000003 -1.600000023841858
v -0.20000000298023224 0.3000000119209293 -1.600000023841858
v -0.20000000298023224 0.4000000059604648 -1.600000023841858
v -0.10000000149011612 0.4000000059604648 -1.600000023841858
v -0.20000000298023224 0.4000000059604648 -1.600000023841858
v -0.20000000298023224 0.5000000000000003 -1.600000023841858
v -0.10000000149011612 0.4000000059604648 -1.600000023841858
v -0.10000000149011612 0.5000000000000003 -1.600000023841858
v -0.10000000149011612 0.5000000000000003 -1.600000023841858
v -0.10000000149011612 0.6999999880790714 -1.6000000238418577
v -0.30000001192092896 0.6000000238418582 -1.6000000238418577
v -0.4000000059604645 0.8000000119209293 -1.6000000238418577
v -0.4000000059604645 0.8999999761581424 -1.6000000238418577
v -0.10000000149011612 0.8000000119209293 -1.6000000238418577
v -0.10000000149011612 0.8000000119209293 -1.6000000238418577
v 0 0.3000000119209293 -1.600000023841858
v -0.10000000149011612 0.4000000059604648 -1.600000023841858
v -0.10000000149011612 0.5000000000000003 -1.600000023841858
v 0 0.4000000059604648 -1.600000023841858
v 0 0.4000000059604648 -1.600000023841858
v 0 0.5000000000000003 -1.600000023841858
v 0 0.5000000000000003 -1.600000023841858
v 0 0.6000000238418582 -1.6000000238418577
v 0 0.6000000238418582 -1.6000000238418577
v -0.10000000149011612 0.6999999880790714 -1.6000000238418577
v -0.10000000149011612 0.8000000119209293 -1.6000000238418577
v 0 0.6999999880790714 -1.6000000238418577
v 0 0.6999999880790714 -1.6000000238418577
v 0 0.8000000119209293 -1.6000000238418577
v 0 0.8000000119209293 -1.6000000238418577
v 0 0.3000000119209293 -1.600000023841858
v 0 0.4000000059604648 -1.600000023841858
v 0.10000000149011612 0.3000000119209293 -1.600000023841858
v 0 0.4000000059604648 -1.600000023841858
v 0 0.5000000000000003 -1.600000023841858
v 0.10000000149011612 0.4000000059604648 -1.600000023841858
v 0.10000000149011612 0.4000000059604648 -1.600000023841858
v 0 0.6000000238418582 -1.6000000238418577
v 0.10000000149011612 0.6999999880790714 -1.6000000238418577
v 0 0.6999999880790714 -1.6000000238418577
v 0 0.8000000119209293 -1.6000000238418577
v 0.10000000149011612 0.6999999880790714 -1.6000000238418577
v 0.10000000149011612 0.8000000119209293 -1.6000000238418577
v 0.10000000149011612 0.8000000119209293 -1.6000000238418577
v 0.20000000298023224 0.4000000059604648 -1.600000023841858
v 0.10000000149011612 0.3000000119209293 -1.600000023841858
v 0.10000000149011612 0.4000000059604648 -1.600000023841858
v 0.20000000298023224 0.4000000059604648 -1.600000023841858
v 0.20000000298023224 0.5000000000000003 -1.600000023841858
v 0.20000000298023224 0.5000000000000003 -1.600000023841858
v 0.30000001192092896 0.4000000059604648 -1.600000023841858
v 0.20000000298023224 0.4000000059604648 -1.600000023841858
v 0.20000000298023224 0.5000000000000003 -1.600000023841858
v 0.30000001192092896 0.4000000059604648 -1.600000023841858
v 0.30000001192092896 0.5000000000000003 -1.600000023841858
v 0.30000001192092896 0.5000000000000003 -1.600000023841858
v 0.30000001192092896 0.6000000238418582 -1.6000000238418577
v 0.30000001192092896 0.6000000238418582 -1.6000000238418577
v 0.10000000149011612 0.6999999880790714 -1.6000000238418577
v 0.10000000149011612 0.8000000119209293 -1.6000000238418577
v 0.30000001192092896 0.6999999880790714 -1.6000000238418577
v 0.30000001192092896 0.6999999880790714 -1.6000000238418577
v 0.30000001192092896 0.8000000119209293 -1.6000000238418577
v 0.30000001192092896 0.8000000119209293 -1.6000000238418577
v 0.4000000059604645 0.3000000119209293 -1.600000023841858
v 0.30000001192092896 0.4000000059604648 -1.600000023841858
v 0.30000001192092896 0.5000000000000003 -1.600000023841858
v 0.4000000059604645 0.4000000059604648 -1.600000023841858
v 0.4000000059604645 0.4000000059604648 -1.600000023841858
v 0.4000000059604645 0.5000000000000003 -1.600000023841858
v 0.4000000059604645 0.5000000000000003 -1.600000023841858
v 0.4000000059604645 0.3000000119209293 -1.600000023841858
v 0.4000000059604645 0.4000000059604648 -1.600000023841858
v 0.5 0.3000000119209293 -1.600000023841858
v 0.30000001192092896 0.6000000238418582 -1.6000000238418577
v 0.5 0.6000000238418582 -1.6000000238418577
v 0.5 0.6000000238418582 -1.6000000238418577
v 0.30000001192092896 0.8000000119209293 -1.6000000238418577
v 0.5 0.6999999880790714 -1.6000000238418577
v 0.5 0.6999999880790714 -1.6000000238418577
v 0.5 3.55271373174006e-16 -1.600000023841858
v 0.5 0.10000000149011648 -1.600000023841858
v 0.6000000238418579 3.55271373174006e-16 -1.600000023841858
v 0.5 0.10000000149011648 -1.600000023841858
v 0.5 0.3000000119209293 -1.600000023841858
v 0.6000000238418579 0.10000000149011648 -1.600000023841858
v 0.6000000238418579 0.10000000149011648 -1.600000023841858
v 0.6000000238418579 0.2000000029802326 -1.600000023841858
v 0.6000000238418579 0.3000000119209293 -1.600000023841858
v 0.6000000238418579 0.3000000119209293 -1.600000023841858
v 0.4000000059604645 0.4000000059604648 -1.600000023841858
v 0.4000000059604645 0.5000000000000003 -1.600000023841858
v 0.6000000238418579 0.4000000059604648 -1.600000023841858
v 0.6000000238418579 0.4000000059604648 -1.600000023841858
v 0.6000000238418579 0.5000000000000003 -1.600000023841858
v 0.6000000238418579 0.5000000000000003 -1.600000023841858
v 0.6000000238418579 3.55271373174006e-16 -1.600000023841858
v 0.6000000238418579 0.10000000149011648 -1.600000023841858
v 0.699999988079071 3.55271373174006e-16 -1.600000023841858
v 0.6000000238418579 0.10000000149011648 -1.600000023841858
v 0.6000000238418579 0.2000000029802326 -1.600000023841858
v 0.699999988079071 0.10000000149011648 -1.600000023841858
v 0.699999988079071 0.10000000149011648 -1.600000023841858
v 0.6000000238418579 0.3000000119209293 -1.600000023841858
v 0.6000000238418579 0.4000000059604648 -1.600000023841858
v 0.699999988079071 0.2000000029802326 -1.600000023841858
v 0.699999988079071 0.2000000029802326 -1.600000023841858
v 0.6000000238418579 0.2000000029802326 -1.600000023841858
v 0.6000000238418579 0.5000000000000003 -1.600000023841858
v 0.699999988079071 0.5000000000000003 -1.600000023841858
v 0.699999988079071 0.5000000000000003 -1.600000023841858
v 0.5 0.6000000238418582 -1.6000000238418577
v 0.5 0.6999999880790714 -1.6000000238418577
v 0.699999988079071 0.6000000238418582 -1.6000000238418577
v 0.699999988079071 0.6000000238418582 -1.6000000238418577
v 0.699999988079071 0.6999999880790714 -1.6000000238418577
v 0.699999988079071 0.6999999880790714 -1.6000000238418577
v 0.699999988079071 0.8000000119209293 -1.6000000238418577
v 0.699999988079071 0.8000000119209293 -1.6000000238418577
v 0.699999988079071 3.55271373174006e-16 -1.600000023841858
v 0.699999988079071 0.10000000149011648 -1.600000023841858
v 0.800000011920929 3.55271373174006e-16 -1.600000023841858
v 0.800000011920929 0.10000000149011648 -1.600000023841858
v 0.800000011920929 0.10000000149011648 -1.600000023841858
v 0.699999988079071 0.2000000029802326 -1.600000023841858
v 0.699999988079071 0.5000000000000003 -1.600000023841858
v 0.800000011920929 0.2000000029802326 -1.600000023841858
v 0.800000011920929 0.2000000029802326 -1.600000023841858
v 0.800000011920929 0.5000000000000003 -1.600000023841858
v 0.800000011920929 0.5000000000000003 -1.600000023841858
v 0.699999988079071 0.6000000238418582 -1.6000000238418577
v 0.800000011920929 0.6000000238418582 -1.6000000238418577
v 0.800000011920929 0.6000000238418582 -1.6000000238418577
v 0.699999988079071 0.6999999880790714 -1.6000000238418577
v 0.800000011920929 0.6999999880790714 -1.6000000238418577
v 0.800000011920929 0.6999999880790714 -1.6000000238418577
v 0.800000011920929 0.8999999761581424 -1.6000000238418577
v -0.800000011920929 -3.3306690738754696e-16 1.5
v -0.699999988079071 -3.55271373174006e-16 1.600000023841858
v -0.800000011920929 -3.55271373174006e-16 1.600000023841858
v -0.699999988079071 -3.3306690738754696e-16 1.5
v -0.6000000238418579 -3.55271373174006e-16 1.600000023841858
v -0.699999988079071 -3.55271373174006e-16 1.600000023841858
v -0.699999988079071 -3.3306690738754696e-16 1.5
v -0.6000000238418579 -3.3306690738754696e-16 1.5
v -0.5 -3.55271373174006e-16 1.600000023841858
v -0.6000000238418579 -3.55271373174006e-16 1.600000023841858
v -0.6000000238418579 -3.3306690738754696e-16 1.5
v 0.5 -3.3306690738754696e-16 1.5
v 0.6000000238418579 -3.55271373174006e-16 1.600000023841858
v 0.5 -3.55271373174006e-16 1.600000023841858
v 0.6000000238418579 -3.3306690738754696e-16 1.5
v 0.699999988079071 -3.55271373174006e-16 1.600000023841858
v 0.6000000238418579 -3.55271373174006e-16 1.600000023841858
v 0.6000000238418579 -3.3306690738754696e-16 1.5
v 0.699999988079071 -3.3306690738754696e-16 1.5
v 0.800000011920929 -3.55271373174006e-16 1.600000023841858
v 0.699999988079071 -3.55271373174006e-16 1.600000023841858
v 0.699999988079071 -3.3306690738754696e-16 1.5
v 0.800000011920929 -3.3306690738754696e-16 1.5
v -0.800000011920929 -3.108624416010879e-16 1.399999976158142
v -0.699999988079071 -3.3306690738754696e-16 1.5
v -0.800000011920929 -3.3306690738754696e-16 1.5
v -0.699999988079071 -3.108624416010879e-16 1.399999976158142
v -0.699999988079071 -3.3306690738754696e-16 1.5
v -0.699999988079071 -3.108624416010879e-16 1.399999976158142
v -0.6000000238418579 -3.108624416010879e-16 1.399999976158142
v -0.5 -3.108624416010879e-16 1.399999976158142
v 0.699999988079071 -3.108624416010879e-16 1.399999976158142
v 0.6000000238418579 -3.3306690738754696e-16 1.5
v 0.5 -3.3306690738754696e-16 1.5
v 0.699999988079071 -3.3306690738754696e-16 1.5
v 0.699999988079071 -3.108624416010879e-16 1.399999976158142
v 0.800000011920929 -3.3306690738754696e-16 1.5
v 0.800000011920929 -3.108624416010879e-16 1.399999976158142
v -0.800000011920929 -2.8865797581462886e-16 1.2999999523162842
v -0.699999988079071 -3.108624416010879e-16 1.399999976158142
v -0.800000011920929 -3.108624416010879e-16 1.399999976158142
v -0.699999988079071 -2.8865797581462886e-16 1.2999999523162842
v -0.699999988079071 -2.8865797581462886e-16 1.2999999523162842
v -0.6000000238418579 -2.8865797581462886e-16 1.2999999523162842
v -0.5 -3.108624416010879e-16 1.399999976158142
v -0.6000000238418579 -3.108624416010879e-16 1.399999976158142
v -0.6000000238418579 -2.8865797581462886e-16 1.2999999523162842
v -0.5 -2.8865797581462886e-16 1.2999999523162842
v 0.5 -2.8865797581462886e-16 1.2999999523162842
v 0.699999988079071 -2.8865797581462886e-16 1.2999999523162842
v 0.800000011920929 -3.108624416010879e-16 1.399999976158142
v 0.699999988079071 -3.108624416010879e-16 1.399999976158142
v 0.699999988079071 -2.8865797581462886e-16 1.2999999523162842
v 0.800000011920929 -2.8865797581462886e-16 1.2999999523162842
v -0.800000011920929 3.108624416010879e-16 -1.399999976158142
v -0.699999988079071 2.8865797581462886e-16 -1.2999999523162842
v -0.800000011920929 2.8865797581462886e-16 -1.2999999523162842
v -0.699999988079071 3.108624416010879e-16 -1.399999976158142
v -0.5 2.8865797581462886e-16 -1.2999999523162842
v -0.699999988079071 2.8865797581462886e-16 -1.2999999523162842
v -0.699999988079071 3.108624416010879e-16 -1.399999976158142
v -0.6000000238418579 3.108624416010879e-16 -1.399999976158142
v 0.699999988079071 3.108624416010879e-16 -1.399999976158142
v 0.800000011920929 2.8865797581462886e-16 -1.2999999523162842
v 0.5 2.8865797581462886e-16 -1.2999999523162842
v 0.800000011920929 3.108624416010879e-16 -1.399999976158142
v -0.800000011920929 3.3306690738754696e-16 -1.5
v -0.699999988079071 3.108624416010879e-16 -1.399999976158142
v -0.800000011920929 3.108624416010879e-16 -1.399999976158142
v -0.6000000238418579 3.108624416010879e-16 -1.399999976158142
v -0.699999988079071 3.3306690738754696e-16 -1.5
v -0.6000000238418579 3.3306690738754696e-16 -1.5
v -0.6000000238418579 3.3306690738754696e-16 -1.5
v -0.5 3.3306690738754696e-16 -1.5
v 0.6000000238418579 3.3306690738754696e-16 -1.5
v 0.699999988079071 3.3306690738754696e-16 -1.5
v 0.800000011920929 3.108624416010879e-16 -1.399999976158142
v 0.699999988079071 3.108624416010879e-16 -1.399999976158142
v 0.699999988079071 3.3306690738754696e-16 -1.5
v 0.800000011920929 3.3306690738754696e-16 -1.5
v -0.800000011920929 3.55271373174006e-16 -1.600000023841858
v -0.699999988079071 3.3306690738754696e-16 -1.5
v -0.800000011920929 3.3306690738754696e-16 -1.5
v -0.699999988079071 3.55271373174006e-16 -1.600000023841858
v -0.699999988079071 3.55271373174006e-16 -1.600000023841858
v -0.6000000238418579 3.55271373174006e-16 -1.600000023841858
v -0.5 3.3306690738754696e-16 -1.5
v -0.6000000238418579 3.3306690738754696e-16 -1.5
v -0.6000000238418579 3.55271373174006e-16 -1.600000023841858
v -0.5 3.55271373174006e-16 -1.600000023841858
v 0.5 3.55271373174006e-16 -1.600000023841858
v 0.6000000238418579 3.55271373174006e-16 -1.600000023841858
v 0.6000000238418579 3.3306690738754696e-16 -1.5
v 0.6000000238418579 3.55271373174006e-16 -1.600000023841858
v 0.699999988079071 3.55271373174006e-16 -1.600000023841858
v 0.800000011920929 3.3306690738754696e-16 -1.5
v 0.699999988079071 3.3306690738754696e-16 -1.5
v 0.699999988079071 3.55271373174006e-16 -1.600000023841858
v 0.800000011920929 3.55271373174006e-16 -1.600000023841858
v -0.5 0.3000000119209286 1.5
v -0.4000000059604645 0.3000000119209286 1.600000023841858
v -0.5 0.3000000119209286 1.600000023841858
v -0.4000000059604645 0.3000000119209286 1.5
v -0.20000000298023224 0.3000000119209286 1.600000023841858
v -0.4000000059604645 0.3000000119209286 1.600000023841858
v -0.4000000059604645 0.3000000119209286 1.5
v -0.20000000298023224 0.3000000119209286 1.5
v 0.30000001192092896 0.3000000119209286 1.600000023841858
v -0.20000000298023224 0.3000000119209286 1.600000023841858
v -0.20000000298023224 0.3000000119209286 1.5
v 0.30000001192092896 0.3000000119209286 1.5
v 0.4000000059604645 0.3000000119209286 1.600000023841858
v 0.30000001192092896 0.3000000119209286 1.600000023841858
v 0.30000001192092896 0.3000000119209286 1.5
v 0.4000000059604645 0.3000000119209286 1.5
v 0.5 0.3000000119209286 1.600000023841858
v 0.4000000059604645 0.3000000119209286 1.600000023841858
v 0.4000000059604645 0.3000000119209286 1.5
v 0.5 0.3000000119209286 1.5
v -0.5 0.3000000119209287 1.2999999523162842
v 0.30000001192092896 0.3000000119209286 1.5
v -0.20000000298023224 0.3000000119209286 1.5
v -0.4000000059604645 0.3000000119209286 1.5
v -0.5 0.3000000119209286 1.5
v 0.5 0.3000000119209286 1.5
v 0.4000000059604645 0.3000000119209286 1.5
v 0.5 0.3000000119209287 1.2999999523162842
v 0.699999988079071 0.3000000119209287 1.2000000476837158
v 0.699999988079071 0.3000000119209287 1.2000000476837158
v 0.800000011920929 0.3000000119209287 1.2999999523162842
v 0.699999988079071 0.3000000119209287 1.2999999523162842
v 0.699999988079071 0.3000000119209287 1.2999999523162842
v -0.699999988079071 0.3000000119209287 1.2999999523162842
v 0.800000011920929 0.3000000119209287 1.2000000476837158
v 0.699999988079071 0.30000001192092873 1.100000023841858
v 0.699999988079071 0.30000001192092873 1.100000023841858
v 0.800000011920929 0.3000000119209287 1.2000000476837158
v 0.699999988079071 0.3000000119209287 1.2000000476837158
v 0.800000011920929 0.30000001192092873 1.100000023841858
v -0.800000011920929 0.30000001192092873 0.8999999761581422
v -0.699999988079071 0.3000000119209287 1.2999999523162842
v -0.800000011920929 0.3000000119209287 1.2999999523162842
v -0.699999988079071 0.30000001192092873 0.8999999761581422
v -0.699999988079071 0.30000001192092873 0.8999999761581422
v 0.699999988079071 0.30000001192092873 0.8999999761581422
v 0.800000011920929 0.30000001192092873 1.100000023841858
v 0.699999988079071 0.30000001192092873 1.100000023841858
v 0.699999988079071 0.30000001192092873 0.8999999761581422
v 0.800000011920929 0.30000001192092873 0.8999999761581422
v -0.800000011920929 0.3000000119209288 0.8000000119209291
v -0.699999988079071 0.30000001192092873 0.8999999761581422
v -0.800000011920929 0.30000001192092873 0.8999999761581422
v -0.699999988079071 0.3000000119209288 0.8000000119209291
v -0.699999988079071 0.3000000119209288 0.8000000119209291
v 0.699999988079071 0.3000000119209288 0.8000000119209291
v 0.800000011920929 0.30000001192092873 0.8999999761581422
v 0.699999988079071 0.30000001192092873 0.8999999761581422
v 0.699999988079071 0.3000000119209288 0.8000000119209291
v 0.800000011920929 0.3000000119209288 0.8000000119209291
v -0.800000011920929 0.3000000119209288 0.6999999880790712
v -0.699999988079071 0.3000000119209288 0.8000000119209291
v -0.800000011920929 0.3000000119209288 0.8000000119209291
v -0.699999988079071 0.3000000119209288 0.6999999880790712
v -0.699999988079071 0.3000000119209288 0.6999999880790712
v 0.699999988079071 0.3000000119209288 0.6999999880790712
v 0.800000011920929 0.3000000119209288 0.8000000119209291
v 0.699999988079071 0.3000000119209288 0.8000000119209291
v 0.699999988079071 0.3000000119209288 0.6999999880790712
v 0.800000011920929 0.3000000119209288 0.6999999880790712
v -0.800000011920929 0.30000001192092884 0.600000023841858
v -0.699999988079071 0.3000000119209288 0.6999999880790712
v -0.800000011920929 0.3000000119209288 0.6999999880790712
v -0.699999988079071 0.30000001192092884 0.600000023841858
v -0.699999988079071 0.30000001192092884 0.600000023841858
v 0.699999988079071 0.30000001192092884 0.600000023841858
v 0.800000011920929 0.3000000119209288 0.6999999880790712
v 0.699999988079071 0.3000000119209288 0.6999999880790712
v 0.699999988079071 0.30000001192092884 0.600000023841858
v 0.800000011920929 0.30000001192092884 0.600000023841858
v -0.800000011920929 0.30000001192092884 0.5000000000000001
v -0.699999988079071 0.30000001192092884 0.600000023841858
v -0.800000011920929 0.30000001192092884 0.600000023841858
v -0.699999988079071 0.30000001192092884 0.5000000000000001
v -0.699999988079071 0.30000001192092884 0.5000000000000001
v 0.699999988079071 0.30000001192092884 0.5000000000000001
v 0.800000011920929 0.30000001192092884 0.600000023841858
v 0.699999988079071 0.30000001192092884 0.600000023841858
v 0.699999988079071 0.30000001192092884 0.5000000000000001
v 0.800000011920929 0.30000001192092884 0.5000000000000001
v -0.800000011920929 0.3000000119209289 0.300000011920929
v -0.699999988079071 0.30000001192092884 0.5000000000000001
v -0.800000011920929 0.30000001192092884 0.5000000000000001
v -0.699999988079071 0.3000000119209289 0.300000011920929
v -0.699999988079071 0.3000000119209289 0.300000011920929
v 0.699999988079071 0.3000000119209289 0.300000011920929
v 0.800000011920929 0.30000001192092884 0.5000000000000001
v 0.699999988079071 0.30000001192092884 0.5000000000000001
v 0.699999988079071 0.3000000119209289 0.300000011920929
v 0.800000011920929 0.3000000119209289 0.300000011920929
v -0.800000011920929 0.3000000119209289 0.2000000029802323
v -0.699999988079071 0.3000000119209289 0.300000011920929
v -0.800000011920929 0.3000000119209289 0.300000011920929
v -0.699999988079071 0.3000000119209289 0.2000000029802323
v -0.699999988079071 0.3000000119209289 0.2000000029802323
v -0.800000011920929 0.30000001192092896 0.10000000149011619
v -0.699999988079071 0.3000000119209289 0.2000000029802323
v -0.800000011920929 0.3000000119209289 0.2000000029802323
v -0.699999988079071 0.30000001192092896 0.10000000149011619
v -0.699999988079071 0.30000001192092896 0.10000000149011619
v 0.699999988079071 0.30000001192092896 6.661338412448735e-17
v 0.800000011920929 0.3000000119209289 0.300000011920929
v 0.699999988079071 0.3000000119209289 0.300000011920929
v 0.699999988079071 0.30000001192092896 6.661338412448735e-17
v 0.800000011920929 0.30000001192092896 6.661338412448735e-17
v -0.800000011920929 0.300000011920929 -0.20000000298023218
v -0.699999988079071 0.30000001192092896 0.10000000149011619
v -0.800000011920929 0.30000001192092896 0.10000000149011619
v -0.699999988079071 0.300000011920929 -0.20000000298023218
v -0.699999988079071 0.300000011920929 -0.20000000298023218
v 0.699999988079071 0.30000001192092907 -0.4000000059604644
v 0.800000011920929 0.30000001192092896 6.661338412448735e-17
v 0.699999988079071 0.30000001192092896 6.661338412448735e-17
v 0.699999988079071 0.30000001192092907 -0.4000000059604644
v 0.800000011920929 0.30000001192092907 -0.4000000059604644
v -0.800000011920929 0.30000001192092907 -0.49999999999999994
v -0.699999988079071 0.300000011920929 -0.20000000298023218
v -0.800000011920929 0.300000011920929 -0.20000000298023218
v -0.699999988079071 0.30000001192092907 -0.49999999999999994
v -0.699999988079071 0.30000001192092907 -0.49999999999999994
v 0.699999988079071 0.30000001192092907 -0.49999999999999994
v 0.800000011920929 0.30000001192092907 -0.4000000059604644
v 0.699999988079071 0.30000001192092907 -0.4000000059604644
v 0.699999988079071 0.30000001192092907 -0.49999999999999994
v 0.800000011920929 0.30000001192092907 -0.49999999999999994
v -0.800000011920929 0.3000000119209291 -0.6999999880790709
v -0.699999988079071 0.30000001192092907 -0.49999999999999994
v -0.800000011920929 0.30000001192092907 -0.49999999999999994
v -0.699999988079071 0.3000000119209291 -0.6999999880790709
v -0.699999988079071 0.3000000119209291 -0.6999999880790709
v 0.699999988079071 0.3000000119209292 -0.899999976158142
v 0.800000011920929 0.30000001192092907 -0.49999999999999994
v 0.699999988079071 0.30000001192092907 -0.49999999999999994
v 0.699999988079071 0.3000000119209292 -0.899999976158142
v 0.800000011920929 0.3000000119209292 -0.899999976158142
v -0.800000011920929 0.3000000119209292 -0.9999999999999999
v -0.699999988079071 0.3000000119209291 -0.6999999880790709
v -0.800000011920929 0.3000000119209291 -0.6999999880790709
v -0.699999988079071 0.3000000119209292 -0.9999999999999999
v -0.699999988079071 0.3000000119209292 -0.9999999999999999
v -0.800000011920929 0.3000000119209292 -1.100000023841858
v -0.699999988079071 0.3000000119209292 -0.9999999999999999
v -0.800000011920929 0.3000000119209292 -0.9999999999999999
v -0.699999988079071 0.3000000119209292 -1.100000023841858
v -0.699999988079071 0.3000000119209292 -1.100000023841858
v 0.699999988079071 0.3000000119209292 -1.100000023841858
v 0.800000011920929 0.3000000119209292 -0.899999976158142
v 0.699999988079071 0.3000000119209292 -0.899999976158142
v 0.699999988079071 0.3000000119209292 -1.100000023841858
v 0.800000011920929 0.3000000119209292 -1.100000023841858
v 0.699999988079071 0.30000001192092923 -1.2000000476837158
v 0.699999988079071 0.30000001192092923 -1.2000000476837158
v 0.800000011920929 0.3000000119209292 -1.100000023841858
v 0.699999988079071 0.3000000119209292 -1.100000023841858
v 0.800000011920929 0.30000001192092923 -1.2000000476837158
v -0.800000011920929 0.30000001192092923 -1.2999999523162842
v -0.699999988079071 0.3000000119209292 -1.100000023841858
v -0.800000011920929 0.3000000119209292 -1.100000023841858
v -0.699999988079071 0.30000001192092923 -1.2999999523162842
v -0.699999988079071 0.30000001192092923 -1.2999999523162842
v -0.5 0.30000001192092923 -1.2999999523162842
v 0.5 0.30000001192092923 -1.2999999523162842
v 0.699999988079071 0.30000001192092923 -1.2999999523162842
v 0.800000011920929 0.30000001192092923 -1.2000000476837158
v 0.699999988079071 0.30000001192092923 -1.2000000476837158
v 0.699999988079071 0.30000001192092923 -1.2999999523162842
v 0.800000011920929 0.30000001192092923 -1.2999999523162842
v -0.5 0.3000000119209293 -1.5
v -0.4000000059604645 0.3000000119209293 -1.5
v -0.20000000298023224 0.3000000119209293 -1.5
v 0 0.3000000119209293 -1.5
v 0.10000000149011612 0.3000000119209293 -1.5
v 0.4000000059604645 0.3000000119209293 -1.5
v 0.5 0.3000000119209293 -1.5
v -0.5 0.3000000119209293 -1.600000023841858
v -0.4000000059604645 0.3000000119209293 -1.5
v -0.5 0.3000000119209293 -1.5
v -0.4000000059604645 0.3000000119209293 -1.600000023841858
v -0.20000000298023224 0.3000000119209293 -1.5
v -0.4000000059604645 0.3000000119209293 -1.5
v -0.4000000059604645 0.3000000119209293 -1.600000023841858
v -0.20000000298023224 0.3000000119209293 -1.600000023841858
v 0 0.3000000119209293 -1.5
v -0.20000000298023224 0.3000000119209293 -1.5
v -0.20000000298023224 0.3000000119209293 -1.600000023841858
v 0 0.3000000119209293 -1.600000023841858
v 0.10000000149011612 0.3000000119209293 -1.5
v 0 0.3000000119209293 -1.5
v 0 0.3000000119209293 -1.600000023841858
v 0.10000000149011612 0.3000000119209293 -1.600000023841858
v 0.4000000059604645 0.3000000119209293 -1.5
v 0.10000000149011612 0.3000000119209293 -1.5
v 0.10000000149011612 0.3000000119209293 -1.600000023841858
v 0.4000000059604645 0.3000000119209293 -1.600000023841858
v 0.5 0.3000000119209293 -1.5
v 0.4000000059604645 0.3000000119209293 -1.5
v 0.4000000059604645 0.3000000119209293 -1.600000023841858
v 0.5 0.3000000119209293 -1.600000023841858
v -0.800000011920929 0.8999999761581418 1.6000000238418581
v -0.5 0.8999999761581418 1.6000000238418581
v -0.699999988079071 0.8999999761581418 1.5000000000000002
v -0.6000000238418579 0.8999999761581418 1.5000000000000002
v -0.5 0.8999999761581418 1.6000000238418581
v 0 0.8999999761581418 1.6000000238418581
v -0.5 0.8999999761581418 1.5000000000000002
v -0.5 0.8999999761581418 1.5000000000000002
v 0 0.8999999761581418 1.6000000238418581
v 0.10000000149011612 0.8999999761581418 1.6000000238418581
v 0 0.8999999761581418 1.5000000000000002
v 0 0.8999999761581418 1.5000000000000002
v 0.10000000149011612 0.8999999761581418 1.6000000238418581
v 0.20000000298023224 0.8999999761581418 1.6000000238418581
v 0.10000000149011612 0.8999999761581418 1.5000000000000002
v 0.10000000149011612 0.8999999761581418 1.5000000000000002
v 0.20000000298023224 0.8999999761581418 1.6000000238418581
v 0.5 0.8999999761581418 1.6000000238418581
v 0.20000000298023224 0.8999999761581418 1.5000000000000002
v 0.20000000298023224 0.8999999761581418 1.5000000000000002
v 0.5 0.8999999761581418 1.6000000238418581
v 0.800000011920929 0.8999999761581418 1.6000000238418581
v 0.5 0.8999999761581418 1.5000000000000002
v 0.5 0.8999999761581418 1.5000000000000002
v 0.699999988079071 0.8999999761581418 1.5000000000000002
v -0.699999988079071 0.8999999761581418 1.5000000000000002
v -0.6000000238418579 0.8999999761581418 1.5000000000000002
v -0.699999988079071 0.8999999761581418 1.3999999761581423
v -0.699999988079071 0.8999999761581418 1.3999999761581423
v -0.6000000238418579 0.8999999761581418 1.5000000000000002
v -0.5 0.8999999761581418 1.5000000000000002
v -0.6000000238418579 0.8999999761581418 1.3999999761581423
v -0.6000000238418579 0.8999999761581418 1.3999999761581423
v -0.5 0.8999999761581418 1.3999999761581423
v -0.5 0.8999999761581418 1.3999999761581423
v 0.699999988079071 0.8999999761581418 1.5000000000000002
v 0.4000000059604645 0.8999999761581418 1.3999999761581423
v 0.5 0.8999999761581418 1.3999999761581423
v -0.800000011920929 0.8999999761581418 1.2999999523162844
v -0.699999988079071 0.8999999761581418 1.3999999761581423
v -0.699999988079071 0.8999999761581418 1.2999999523162844
v -0.699999988079071 0.8999999761581418 1.2999999523162844
v 0.4000000059604645 0.8999999761581418 1.3999999761581423
v -0.4000000059604645 0.8999999761581418 1.2999999523162844
v -0.30000001192092896 0.8999999761581418 1.2999999523162844
v -0.10000000149011612 0.8999999761581418 1.2999999523162844
v 0 0.8999999761581418 1.2999999523162844
v 0.10000000149011612 0.8999999761581418 1.2999999523162844
v 0.4000000059604645 0.8999999761581418 1.3999999761581423
v 0.5 0.8999999761581418 1.3999999761581423
v 0.4000000059604645 0.8999999761581418 1.2999999523162844
v 0.4000000059604645 0.8999999761581418 1.2999999523162844
v 0.5 0.8999999761581418 1.2999999523162844
v 0.5 0.8999999761581418 1.2999999523162844
v 0.6000000238418579 0.8999999761581418 1.2999999523162844
v -0.699999988079071 0.8999999761581419 1.200000047683716
v -0.800000011920929 0.8999999761581418 1.2999999523162844
v -0.699999988079071 0.8999999761581418 1.2999999523162844
v -0.699999988079071 0.8999999761581419 1.200000047683716
v -0.5 0.8999999761581418 1.3999999761581423
v -0.6000000238418579 0.8999999761581419 1.200000047683716
v -0.6000000238418579 0.8999999761581419 1.200000047683716
v -0.5 0.8999999761581419 1.200000047683716
v -0.5 0.8999999761581419 1.200000047683716
v -0.4000000059604645 0.8999999761581418 1.2999999523162844
v -0.30000001192092896 0.8999999761581418 1.2999999523162844
v -0.4000000059604645 0.8999999761581419 1.200000047683716
v -0.4000000059604645 0.8999999761581419 1.200000047683716
v -0.30000001192092896 0.8999999761581419 1.200000047683716
v -0.30000001192092896 0.8999999761581419 1.200000047683716
v -0.20000000298023224 0.8999999761581419 1.200000047683716
v -0.10000000149011612 0.8999999761581418 1.2999999523162844
v 0 0.8999999761581418 1.2999999523162844
v -0.10000000149011612 0.8999999761581419 1.200000047683716
v -0.10000000149011612 0.8999999761581419 1.200000047683716
v 0 0.8999999761581419 1.200000047683716
v 0 0.8999999761581419 1.200000047683716
v 0.10000000149011612 0.8999999761581418 1.2999999523162844
v 0.10000000149011612 0.8999999761581419 1.200000047683716
v 0.10000000149011612 0.8999999761581419 1.200000047683716
v 0.5 0.8999999761581418 1.2999999523162844
v 0.6000000238418579 0.8999999761581418 1.2999999523162844
v 0.4000000059604645 0.8999999761581419 1.200000047683716
v 0.4000000059604645 0.8999999761581419 1.200000047683716
v 0.6000000238418579 0.8999999761581419 1.200000047683716
v 0.6000000238418579 0.8999999761581419 1.200000047683716
v 0.699999988079071 0.8999999761581419 1.200000047683716
v 0.699999988079071 0.8999999761581419 1.200000047683716
v -0.5 0.8999999761581419 1.1000000238418581
v -0.5 0.8999999761581419 1.200000047683716
v -0.5 0.8999999761581419 1.1000000238418581
v -0.4000000059604645 0.8999999761581419 1.1000000238418581
v -0.4000000059604645 0.8999999761581419 1.1000000238418581
v -0.30000001192092896 0.8999999761581419 1.1000000238418581
v -0.20000000298023224 0.8999999761581419 1.1000000238418581
v -0.20000000298023224 0.8999999761581419 1.1000000238418581
v -0.20000000298023224 0.8999999761581419 1.200000047683716
v 0.30000001192092896 0.8999999761581419 1.1000000238418581
v 0.4000000059604645 0.8999999761581419 1.200000047683716
v 0.6000000238418579 0.8999999761581419 1.200000047683716
v 0.4000000059604645 0.8999999761581419 1.1000000238418581
v 0.4000000059604645 0.8999999761581419 1.1000000238418581
v 0.6000000238418579 0.8999999761581419 1.200000047683716
v 0.699999988079071 0.8999999761581419 1.200000047683716
v 0.6000000238418579 0.8999999761581419 1.1000000238418581
v 0.6000000238418579 0.8999999761581419 1.1000000238418581
v 0.699999988079071 0.8999999761581419 1.1000000238418581
v 0.699999988079071 0.8999999761581419 1.1000000238418581
v 0.800000011920929 0.8999999761581419 1.1000000238418581
v -0.30000001192092896 0.8999999761581419 1.0000000000000002
v -0.30000001192092896 0.8999999761581419 1.0000000000000002
v -0.30000001192092896 0.8999999761581419 1.1000000238418581
v -0.20000000298023224 0.8999999761581419 1.0000000000000002
v 0.20000000298023224 0.8999999761581419 1.0000000000000002
v 0.30000001192092896 0.8999999761581419 1.1000000238418581
v 0.4000000059604645 0.8999999761581419 1.1000000238418581
v 0.30000001192092896 0.8999999761581419 1.0000000000000002
v 0.30000001192092896 0.8999999761581419 1.0000000000000002
v 0.4000000059604645 0.8999999761581419 1.1000000238418581
v 0.6000000238418579 0.8999999761581419 1.1000000238418581
v 0.4000000059604645 0.8999999761581419 1.0000000000000002
v 0.4000000059604645 0.8999999761581419 1.0000000000000002
v 0.5 0.8999999761581419 1.0000000000000002
v 0.699999988079071 0.8999999761581419 1.1000000238418581
v 0.6000000238418579 0.8999999761581419 1.0000000000000002
v 0.6000000238418579 0.8999999761581419 1.0000000000000002
v 0.699999988079071 0.8999999761581419 1.1000000238418581
v 0.800000011920929 0.8999999761581419 1.1000000238418581
v 0.699999988079071 0.8999999761581419 1.0000000000000002
v 0.699999988079071 0.8999999761581419 1.0000000000000002
v -0.699999988079071 0.8999999761581419 0.8999999761581423
v -0.699999988079071 0.8999999761581419 1.200000047683716
v -0.6000000238418579 0.8999999761581419 1.200000047683716
v -0.699999988079071 0.8999999761581419 0.8999999761581423
v -0.6000000238418579 0.8999999761581419 0.8999999761581423
v -0.6000000238418579 0.8999999761581419 0.8999999761581423
v -0.20000000298023224 0.8999999761581419 1.0000000000000002
v -0.5 0.8999999761581419 0.8999999761581423
v -0.20000000298023224 0.8999999761581419 0.8999999761581423
v -0.20000000298023224 0.8999999761581419 0.8999999761581423
v -0.10000000149011612 0.8999999761581419 0.8999999761581423
v 0.20000000298023224 0.8999999761581419 1.0000000000000002
v 0.30000001192092896 0.8999999761581419 1.0000000000000002
v 0.20000000298023224 0.8999999761581419 0.8999999761581423
v 0.20000000298023224 0.8999999761581419 0.8999999761581423
v 0.30000001192092896 0.8999999761581419 0.8999999761581423
v 0.30000001192092896 0.8999999761581419 0.8999999761581423
v 0.4000000059604645 0.8999999761581419 1.0000000000000002
v 0.5 0.8999999761581419 1.0000000000000002
v 0.4000000059604645 0.8999999761581419 0.8999999761581423
v 0.4000000059604645 0.8999999761581419 0.8999999761581423
v 0.5 0.8999999761581419 0.8999999761581423
v 0.5 0.8999999761581419 0.8999999761581423
v 0.6000000238418579 0.8999999761581419 1.0000000000000002
v 0.699999988079071 0.8999999761581419 1.0000000000000002
v 0.6000000238418579 0.8999999761581419 0.8999999761581423
v 0.6000000238418579 0.8999999761581419 0.8999999761581423
v 0.699999988079071 0.8999999761581419 0.8999999761581423
v 0.699999988079071 0.8999999761581419 0.8999999761581423
v -0.699999988079071 0.8999999761581419 0.8000000119209292
v -0.699999988079071 0.8999999761581419 0.8999999761581423
v -0.699999988079071 0.8999999761581419 0.8000000119209292
v -0.6000000238418579 0.8999999761581419 0.8999999761581423
v -0.5 0.8999999761581419 0.8999999761581423
v -0.6000000238418579 0.8999999761581419 0.8000000119209292
v -0.6000000238418579 0.8999999761581419 0.8000000119209292
v -0.10000000149011612 0.8999999761581419 0.8999999761581423
v -0.5 0.8999999761581419 0.8000000119209292
v -0.5 0.8999999761581419 0.8000000119209292
v 0.30000001192092896 0.8999999761581419 0.8999999761581423
v -0.10000000149011612 0.8999999761581419 0.8000000119209292
v -0.10000000149011612 0.8999999761581419 0.8000000119209292
v 0.30000001192092896 0.8999999761581419 0.8999999761581423
v 0.30000001192092896 0.8999999761581419 0.8000000119209292
v 0.30000001192092896 0.8999999761581419 0.8000000119209292
v 0.5 0.8999999761581419 0.8999999761581423
v 0.6000000238418579 0.8999999761581419 0.8999999761581423
v 0.4000000059604645 0.8999999761581419 0.8000000119209292
v 0.4000000059604645 0.8999999761581419 0.8000000119209292
v 0.4000000059604645 0.8999999761581419 0.8999999761581423
v 0.6000000238418579 0.8999999761581419 0.8999999761581423
v 0.6000000238418579 0.8999999761581419 0.8000000119209292
v 0.6000000238418579 0.8999999761581419 0.8000000119209292
v 0.699999988079071 0.8999999761581419 0.8000000119209292
v 0.800000011920929 0.8999999761581419 0.8000000119209292
v -0.800000011920929 0.899999976158142 0.6999999880790713
v -0.5 0.8999999761581419 0.8000000119209292
v -0.10000000149011612 0.8999999761581419 0.8000000119209292
v -0.699999988079071 0.899999976158142 0.6999999880790713
v -0.699999988079071 0.899999976158142 0.6999999880790713
v 0.30000001192092896 0.8999999761581419 0.8000000119209292
v -0.6000000238418579 0.8999999761581419 0.8000000119209292
v -0.699999988079071 0.8999999761581419 0.8000000119209292
v 0.4000000059604645 0.8999999761581419 0.8000000119209292
v 0.699999988079071 0.8999999761581419 0.8000000119209292
v 0.800000011920929 0.8999999761581419 0.8000000119209292
v 0.699999988079071 0.899999976158142 0.6999999880790713
v 0.699999988079071 0.899999976158142 0.6999999880790713
v 0.800000011920929 0.899999976158142 0.6999999880790713
v -0.800000011920929 0.899999976158142 0.6999999880790713
v -0.699999988079071 0.899999976158142 0.6999999880790713
v -0.699999988079071 0.899999976158142 0.6000000238418581
v 0.699999988079071 0.899999976158142 0.6999999880790713
v 0.800000011920929 0.899999976158142 0.6999999880790713
v 0.699999988079071 0.899999976158142 0.6000000238418581
v -0.699999988079071 0.899999976158142 0.6000000238418581
v 0.699999988079071 0.899999976158142 0.6000000238418581
v -0.5 0.899999976158142 0.5000000000000002
v 0.699999988079071 0.899999976158142 0.5000000000000002
v 0.699999988079071 0.899999976158142 0.5000000000000002
v -0.5 0.899999976158142 0.5000000000000002
v 0.699999988079071 0.899999976158142 0.5000000000000002
v -0.4000000059604645 0.899999976158142 0.4000000059604647
v 0.30000001192092896 0.899999976158142 0.4000000059604647
v 0.6000000238418579 0.899999976158142 0.4000000059604647
v -0.4000000059604645 0.899999976158142 0.3000000119209292
v -0.4000000059604645 0.899999976158142 0.4000000059604647
v 0.30000001192092896 0.899999976158142 0.4000000059604647
v -0.4000000059604645 0.899999976158142 0.3000000119209292
v -0.30000001192092896 0.899999976158142 0.3000000119209292
v -0.20000000298023224 0.899999976158142 0.3000000119209292
v -0.10000000149011612 0.899999976158142 0.3000000119209292
v 0.30000001192092896 0.899999976158142 0.4000000059604647
v 0.6000000238418579 0.899999976158142 0.4000000059604647
v 0.30000001192092896 0.899999976158142 0.3000000119209292
v 0.30000001192092896 0.899999976158142 0.3000000119209292
v 0.6000000238418579 0.899999976158142 0.3000000119209292
v 0.6000000238418579 0.899999976158142 0.3000000119209292
v 0.699999988079071 0.899999976158142 0.3000000119209292
v 0.699999988079071 0.899999976158142 0.3000000119209292
v 0.800000011920929 0.899999976158142 0.3000000119209292
v -0.800000011920929 0.8999999761581421 0.20000000298023243
v -0.699999988079071 0.8999999761581421 0.20000000298023243
v -0.699999988079071 0.8999999761581421 0.20000000298023243
v -0.5 0.8999999761581421 0.20000000298023243
v -0.5 0.8999999761581421 0.20000000298023243
v -0.4000000059604645 0.899999976158142 0.3000000119209292
v -0.30000001192092896 0.899999976158142 0.3000000119209292
v -0.4000000059604645 0.8999999761581421 0.20000000298023243
v -0.4000000059604645 0.8999999761581421 0.20000000298023243
v -0.30000001192092896 0.8999999761581421 0.20000000298023243
v -0.30000001192092896 0.8999999761581421 0.20000000298023243
v -0.20000000298023224 0.899999976158142 0.3000000119209292
v -0.10000000149011612 0.899999976158142 0.3000000119209292
v -0.20000000298023224 0.8999999761581421 0.20000000298023243
v -0.20000000298023224 0.8999999761581421 0.20000000298023243
v -0.10000000149011612 0.8999999761581421 0.20000000298023243
v -0.10000000149011612 0.8999999761581421 0.20000000298023243
v 0.10000000149011612 0.8999999761581421 0.20000000298023243
v 0.30000001192092896 0.899999976158142 0.3000000119209292
v 0.6000000238418579 0.899999976158142 0.3000000119209292
v 0.30000001192092896 0.8999999761581421 0.20000000298023243
v 0.30000001192092896 0.8999999761581421 0.20000000298023243
v 0.4000000059604645 0.8999999761581421 0.20000000298023243
v -0.800000011920929 0.8999999761581421 0.20000000298023243
v -0.699999988079071 0.8999999761581421 0.20000000298023243
v -0.800000011920929 0.8999999761581421 0.10000000149011631
v -0.699999988079071 0.8999999761581421 0.10000000149011631
v -0.699999988079071 0.8999999761581421 0.10000000149011631
v -0.20000000298023224 0.8999999761581421 0.20000000298023243
v -0.5 0.8999999761581421 0.10000000149011631
v -0.5 0.8999999761581421 0.10000000149011631
v -0.5 0.8999999761581421 0.20000000298023243
v -0.10000000149011612 0.8999999761581421 0.20000000298023243
v -0.4000000059604645 0.8999999761581421 0.10000000149011631
v -0.10000000149011612 0.8999999761581421 0.20000000298023243
v 0.10000000149011612 0.8999999761581421 0.20000000298023243
v -0.10000000149011612 0.8999999761581421 0.10000000149011631
v -0.10000000149011612 0.8999999761581421 0.10000000149011631
v 0.30000001192092896 0.8999999761581421 0.20000000298023243
v 0.4000000059604645 0.8999999761581421 0.20000000298023243
v 0.10000000149011612 0.8999999761581421 0.10000000149011631
v 0.10000000149011612 0.8999999761581421 0.10000000149011631
v 0.10000000149011612 0.8999999761581421 0.20000000298023243
v 0.4000000059604645 0.8999999761581421 0.10000000149011631
v 0.4000000059604645 0.8999999761581421 0.10000000149011631
v 0.699999988079071 0.899999976158142 0.3000000119209292
v 0.6000000238418579 0.8999999761581421 0.10000000149011631
v 0.6000000238418579 0.8999999761581421 0.10000000149011631
v 0.800000011920929 0.899999976158142 0.3000000119209292
v 0.699999988079071 0.8999999761581421 0.10000000149011631
v 0.800000011920929 0.8999999761581421 0.10000000149011631
v -0.800000011920929 0.8999999761581421 0.10000000149011631
v -0.699999988079071 0.8999999761581421 0.10000000149011631
v -0.800000011920929 0.8999999761581421 1.9984013913857226e-16
v -0.5 0.8999999761581421 0.10000000149011631
v -0.5 0.8999999761581421 0.10000000149011631
v -0.4000000059604645 0.8999999761581421 0.10000000149011631
v -0.5 0.8999999761581421 1.9984013913857226e-16
v -0.5 0.8999999761581421 1.9984013913857226e-16
v -0.4000000059604645 0.8999999761581421 0.10000000149011631
v -0.10000000149011612 0.8999999761581421 0.10000000149011631
v 0.10000000149011612 0.8999999761581421 1.9984013913857226e-16
v 0.10000000149011612 0.8999999761581421 0.10000000149011631
v 0.4000000059604645 0.8999999761581421 0.10000000149011631
v 0.6000000238418579 0.8999999761581421 0.10000000149011631
v 0.30000001192092896 0.8999999761581421 1.9984013913857226e-16
v 0.4000000059604645 0.8999999761581421 1.9984013913857226e-16
v 0.6000000238418579 0.8999999761581421 0.10000000149011631
v 0.699999988079071 0.8999999761581421 0.10000000149011631
v 0.6000000238418579 0.8999999761581421 1.9984013913857226e-16
v 0.6000000238418579 0.8999999761581421 1.9984013913857226e-16
v -0.800000011920929 0.8999999761581421 1.9984013913857226e-16
v -0.5 0.8999999761581421 1.9984013913857226e-16
v -0.800000011920929 0.8999999761581421 -0.10000000149011593
v -0.699999988079071 0.8999999761581421 -0.10000000149011593
v 0.30000001192092896 0.8999999761581421 1.9984013913857226e-16
v 0.4000000059604645 0.8999999761581421 1.9984013913857226e-16
v 0.30000001192092896 0.8999999761581421 -0.10000000149011593
v 0.10000000149011612 0.8999999761581421 1.9984013913857226e-16
v 0.30000001192092896 0.8999999761581421 1.9984013913857226e-16
v 0.30000001192092896 0.8999999761581421 -0.10000000149011593
v 0.4000000059604645 0.8999999761581421 1.9984013913857226e-16
v 0.6000000238418579 0.8999999761581421 1.9984013913857226e-16
v 0.4000000059604645 0.8999999761581421 -0.10000000149011593
v 0.4000000059604645 0.8999999761581421 -0.10000000149011593
v 0.5 0.8999999761581421 -0.10000000149011593
v 0.6000000238418579 0.8999999761581421 -0.10000000149011593
v 0.6000000238418579 0.8999999761581421 -0.10000000149011593
v 0.699999988079071 0.8999999761581421 0.10000000149011631
v 0.800000011920929 0.8999999761581421 0.10000000149011631
v 0.699999988079071 0.8999999761581421 -0.10000000149011593
v 0.699999988079071 0.8999999761581421 -0.10000000149011593
v 0.800000011920929 0.8999999761581421 -0.10000000149011593
v -0.30000001192092896 0.8999999761581421 -0.20000000298023204
v -0.20000000298023224 0.8999999761581421 -0.20000000298023204
v 0.30000001192092896 0.8999999761581421 -0.20000000298023204
v 0.30000001192092896 0.8999999761581421 -0.20000000298023204
v 0.30000001192092896 0.8999999761581421 -0.10000000149011593
v 0.4000000059604645 0.8999999761581421 -0.20000000298023204
v 0.5 0.8999999761581421 -0.10000000149011593
v 0.6000000238418579 0.8999999761581421 -0.10000000149011593
v 0.5 0.8999999761581422 -0.4999999999999998
v 0.5 0.8999999761581422 -0.4999999999999998
v 0.6000000238418579 0.8999999761581422 -0.4999999999999998
v 0.6000000238418579 0.8999999761581422 -0.4999999999999998
v -0.30000001192092896 0.8999999761581421 -0.20000000298023204
v -0.20000000298023224 0.8999999761581421 -0.20000000298023204
v -0.30000001192092896 0.8999999761581422 -0.6999999880790708
v -0.30000001192092896 0.8999999761581422 -0.6999999880790708
v -0.20000000298023224 0.8999999761581422 -0.6999999880790708
v -0.20000000298023224 0.8999999761581422 -0.6999999880790708
v 0.10000000149011612 0.8999999761581423 -0.9999999999999998
v 0.10000000149011612 0.8999999761581423 -0.9999999999999998
v 0.30000001192092896 0.8999999761581421 -0.20000000298023204
v 0.4000000059604645 0.8999999761581421 -0.20000000298023204
v 0.30000001192092896 0.8999999761581423 -0.9999999999999998
v 0.30000001192092896 0.8999999761581423 -0.9999999999999998
v -0.5 0.8999999761581423 -1.1000000238418577
v -0.5 0.8999999761581423 -1.1000000238418577
v -0.4000000059604645 0.8999999761581423 -1.1000000238418577
v -0.4000000059604645 0.8999999761581423 -1.1000000238418577
v 0.30000001192092896 0.8999999761581423 -0.9999999999999998
v -0.10000000149011612 0.8999999761581423 -1.1000000238418577
v 0 0.8999999761581423 -1.1000000238418577
v 0.20000000298023224 0.8999999761581423 -1.1000000238418577
v 0.30000001192092896 0.8999999761581423 -1.1000000238418577
v 0.30000001192092896 0.8999999761581423 -1.1000000238418577
v -0.5 0.8999999761581423 -1.1000000238418577
v -0.4000000059604645 0.8999999761581423 -1.1000000238418577
v -0.4000000059604645 0.8999999761581423 -1.2000000476837156
v -0.4000000059604645 0.8999999761581423 -1.2000000476837156
v -0.10000000149011612 0.8999999761581423 -1.1000000238418577
v 0 0.8999999761581423 -1.1000000238418577
v -0.10000000149011612 0.8999999761581423 -1.2000000476837156
v -0.10000000149011612 0.8999999761581423 -1.2000000476837156
v 0 0.8999999761581423 -1.2000000476837156
v 0 0.8999999761581423 -1.2000000476837156
v 0.10000000149011612 0.8999999761581423 -1.2000000476837156
v 0.20000000298023224 0.8999999761581423 -1.1000000238418577
v 0.30000001192092896 0.8999999761581423 -1.1000000238418577
v 0.20000000298023224 0.8999999761581423 -1.2000000476837156
v 0.20000000298023224 0.8999999761581423 -1.2000000476837156
v -0.10000000149011612 0.8999999761581423 -1.2000000476837156
v -0.5 0.8999999761581424 -1.299999952316284
v -0.5 0.8999999761581424 -1.299999952316284
v 0 0.8999999761581423 -1.2000000476837156
v 0.10000000149011612 0.8999999761581423 -1.2000000476837156
v 0.10000000149011612 0.8999999761581423 -1.2000000476837156
v 0.10000000149011612 0.8999999761581424 -1.299999952316284
v 0.10000000149011612 0.8999999761581424 -1.299999952316284
v 0.30000001192092896 0.8999999761581424 -1.299999952316284
v 0.30000001192092896 0.8999999761581424 -1.299999952316284
v 0.4000000059604645 0.8999999761581424 -1.299999952316284
v 0.4000000059604645 0.8999999761581424 -1.299999952316284
v 0.6000000238418579 0.8999999761581422 -0.4999999999999998
v 0.6000000238418579 0.8999999761581424 -1.299999952316284
v 0.6000000238418579 0.8999999761581424 -1.299999952316284
v -0.5 0.8999999761581424 -1.299999952316284
v 0.10000000149011612 0.8999999761581424 -1.299999952316284
v -0.5 0.8999999761581424 -1.3999999761581419
v -0.5 0.8999999761581424 -1.3999999761581419
v 0.4000000059604645 0.8999999761581424 -1.299999952316284
v 0.30000001192092896 0.8999999761581424 -1.299999952316284
v 0.699999988079071 0.8999999761581424 -1.3999999761581419
v 0.699999988079071 0.8999999761581421 -0.10000000149011593
v 0.800000011920929 0.8999999761581421 -0.10000000149011593
v 0.699999988079071 0.8999999761581424 -1.3999999761581419
v -0.699999988079071 0.8999999761581424 -1.4999999999999998
v -0.800000011920929 0.8999999761581421 -0.10000000149011593
v -0.699999988079071 0.8999999761581421 -0.10000000149011593
v -0.699999988079071 0.8999999761581424 -1.4999999999999998
v 0.699999988079071 0.8999999761581424 -1.3999999761581419
v -0.5 0.8999999761581424 -1.4999999999999998
v -0.4000000059604645 0.8999999761581424 -1.4999999999999998
v 0.699999988079071 0.8999999761581424 -1.4999999999999998
v 0.699999988079071 0.8999999761581424 -1.4999999999999998
v -0.800000011920929 0.8999999761581424 -1.6000000238418577
v -0.5 0.8999999761581424 -1.4999999999999998
v -0.5 0.8999999761581424 -1.6000000238418577
v -0.5 0.8999999761581424 -1.6000000238418577
v -0.4000000059604645 0.8999999761581424 -1.4999999999999998
v -0.4000000059604645 0.8999999761581424 -1.6000000238418577
v -0.4000000059604645 0.8999999761581424 -1.6000000238418577
v 0.800000011920929 0.8999999761581424 -1.6000000238418577
vt 0.33007800579071045 0.5
vt 0.33007800579071045 0.5
vt 0.33007800579071045 0.5
vt 0.34179699420928955 0.5
vt 0.34179699420928955 0.5
vt 0.34179699420928955 0.5
vt 0.33007800579071045 0.5
vt 0.34570300579071045 0.5
vt 0.34570300579071045 0.5
vt 0.34570300579071045 0.5
vt 0.34179699420928955 0.5
vt 0.34179699420928955 0.5
vt 0.34179699420928955 0.5
vt 0.34570300579071045 0.5
vt 0.33007800579071045 0.5
vt 0.33007800579071045 0.5
vt 0.33007800579071045 0.5
vt 0.34179699420928955 0.5
vt 0.33007800579071045 0.5
vt 0.33398398756980896 0.5
vt 0.33398398756980896 0.5
vt 0.33398398756980896 0.5
vt 0.34179699420928955 0.5
vt 0.33398398756980896 0.5
vt 0.34570300579071045 0.5
vt 0.34570300579071045 0.5
vt 0.34570300579071045 0.5
vt 0.34179699420928955 0.5
vt 0.34179699420928955 0.5
vt 0.34179699420928955 0.5
vt 0.34179699420928955 0.5
vt 0.33398398756980896 0.5
vt 0.33398398756980896 0.5
vt 0.33398398756980896 0.5
vt 0.34179699420928955 0.5
vt 0.33398398756980896 0.5
vt 0.33007800579071045 0.5
vt 0.33007800579071045 0.5
vt 0.33007800579071045 0.5
vt 0.33789101243019104 0.5
vt 0.33789101243019104 0.5
vt 0.33789101243019104 0.5
vt 0.33007800579071045 0.5
vt 0.34570300579071045 0.5
vt 0.33789101243019104 0.5
vt 0.34570300579071045 0.5
vt 0.34570300579071045 0.5
vt 0.34570300579071045 0.5
vt 0.34570300579071045 0.5
vt 0.33789101243019104 0.5
vt 0.33789101243019104 0.5
vt 0.33789101243019104 0.5
vt 0.33398398756980896 0.5
vt 0.33789101243019104 0.5
vt 0.33007800579071045 0.5
vt 0.33007800579071045 0.5
vt 0.33007800579071045 0.5
vt 0.33398398756980896 0.5
vt 0.33007800579071045 0.5
vt 0.33398398756980896 0.5
vt 0.33398398756980896 0.5
vt 0.33398398756980896 0.5
vt 0.33007800579071045 0.5
vt 0.33007800579071045 0.5
vt 0.33007800579071045 0.5
vt 0.33007800579071045 0.5
vt 0.33398398756980896 0.5
vt 0.33398398756980896 0.5
vt 0.33398398756980896 0.5
vt 0.33398398756980896 0.5
vt 0.33007800579071045 0.5
vt 0.33007800579071045 0.5
vt 0.33007800579071045 0.5
vt 0.33007800579071045 0.5
vt 0.33398398756980896 0.5
vt 0.33398398756980896 0.5
vt 0.33398398756980896 0.5
vt 0.33398398756980896 0.5
vt 0.33007800579071045 0.5
vt 0.33398398756980896 0.5
vt 0.33007800579071045 0.5
vt 0.33007800579071045 0.5
vt 0.33007800579071045 0.5
vt 0.33398398756980896 0.5
vt 0.33398398756980896 0.5
vt 0.33398398756980896 0.5
vt 0.33398398756980896 0.5
vt 0.33007800579071045 0.5
vt 0.33007800579071045 0.5
vt 0.33007800579071045 0.5
vt 0.33007800579071045 0.5
vt 0.33398398756980896 0.5
vt 0.33007800579071045 0.5
vt 0.33007800579071045 0.5
vt 0.33398398756980896 0.5
vt 0.33398398756980896 0.5
vt 0.33398398756980896 0.5
vt 0.33007800579071045 0.5
vt 0.33398398756980896 0.5
vt 0.33007800579071045 0.5
vt 0.33007800579071045 0.5
vt 0.33007800579071045 0.5
vt 0.33398398756980896 0.5
vt 0.33398398756980896 0.5
vt 0.33398398756980896 0.5
vt 0.33398398756980896 0.5
vt 0.33007800579071045 0.5
vt 0.33398398756980896 0.5
vt 0.33007800579071045 0.5
vt 0.33007800579071045 0.5
vt 0.33007800579071045 0.5
vt 0.33398398756980896 0.5
vt 0.33398398756980896 0.5
vt 0.33398398756980896 0.5
vt 0.33398398756980896 0.5
vt 0.33007800579071045 0.5
vt 0.33398398756980896 0.5
vt 0.33398398756980896 0.5
vt 0.33789101243019104 0.5
vt 0.33398398756980896 0.5
vt 0.34179699420928955 0.5
vt 0.34179699420928955 0.5
vt 0.34179699420928955 0.5
vt 0.33789101243019104 0.5
vt 0.34179699420928955 0.5
vt 0.34570300579071045 0.5
vt 0.34179699420928955 0.5
vt 0.34179699420928955 0.5
vt 0.34179699420928955 0.5
vt 0.34570300579071045 0.5
vt 0.34179699420928955 0.5
vt 0.34179699420928955 0.5
vt 0.33789101243019104 0.5
vt 0.33789101243019104 0.5
vt 0.33789101243019104 0.5
vt 0.34179699420928955 0.5
vt 0.33789101243019104 0.5
vt 0.34179699420928955 0.5
vt 0.34179699420928955 0.5
vt 0.34179699420928955 0.5
vt 0.33789101243019104 0.5
vt 0.34179699420928955 0.5
vt 0.34179699420928955 0.5
vt 0.33789101243019104 0.5
vt 0.33789101243019104 0.5
vt 0.33789101243019104 0.5
vt 0.34179699420928955 0.5
vt 0.33789101243019104 0.5
vt 0.33789101243019104 0.5
vt 0.34179699420928955 0.5
vt 0.34179699420928955 0.5
vt 0.34179699420928955 0.5
vt 0.33789101243019104 0.5
vt 0.34179699420928955 0.5
vt 0.34179699420928955 0.5
vt 0.34179699420928955 0.5
vt 0.33789101243019104 0.5
vt 0.33789101243019104 0.5
vt 0.33789101243019104 0.5
vt 0.34179699420928955 0.5
vt 0.34179699420928955 0.5
vt 0.34179699420928955 0.5
vt 0.34179699420928955 0.5
vt 0.33789101243019104 0.5
vt 0.33789101243019104 0.5
vt 0.33789101243019104 0.5
vt 0.33789101243019104 0.5
vt 0.34179699420928955 0.5
vt 0.33789101243019104 0.5
vt 0.34179699420928955 0.5
vt 0.34179699420928955 0.5
vt 0.34179699420928955 0.5
vt 0.33789101243019104 0.5
vt 0.33789101243019104 0.5
vt 0.33789101243019104 0.5
vt 0.33789101243019104 0.5
vt 0.34179699420928955 0.5
vt 0.33789101243019104 0.5
vt 0.34179699420928955 0.5
vt 0.34179699420928955 0.5
vt 0.34179699420928955 0.5
vt 0.33789101243019104 0.5
vt 0.34179699420928955 0.5
vt 0.34179699420928955 0.5
vt 0.33789101243019104 0.5
vt 0.33789101243019104 0.5
vt 0.33789101243019104 0.5
vt 0.34179699420928955 0.5
vt 0.34179699420928955 0.5
vt 0.34179699420928955 0.5
vt 0.34179699420928955 0.5
vt 0.33789101243019104 0.5
vt 0.34570300579071045 0.5
vt 0.34570300579071045 0.5
vt 0.34570300579071045 0.5
vt 0.34179699420928955 0.5
vt 0.34570300579071045 0.5
vt 0.38476601243019104 0.5
vt 0.38476601243019104 0.5
vt 0.38476601243019104 0.5
vt 0.38476601243019104 0.5
vt 0.38085898756980896 0.5
vt 0.38085898756980896 0.5
vt 0.38085898756980896 0.5
vt 0.38476601243019104 0.5
vt 0.38085898756980896 0.5
vt 0.38476601243019104 0.5
vt 0.38476601243019104 0.5
vt 0.38476601243019104 0.5
vt 0.38085898756980896 0.5
vt 0.38476601243019104 0.5
vt 0.38476601243019104 0.5
vt 0.38476601243019104 0.5
vt 0.34960898756980896 0.5
vt 0.34960898756980896 0.5
vt 0.34960898756980896 0.5
vt 0.34960898756980896 0.5
vt 0.34960898756980896 0.5
vt 0.34960898756980896 0.5
vt 0.37304699420928955 0.5
vt 0.37304699420928955 0.5
vt 0.37304699420928955 0.5
vt 0.34960898756980896 0.5
vt 0.34960898756980896 0.5
vt 0.34960898756980896 0.5
vt 0.34960898756980896 0.5
vt 0.37304699420928955 0.5
vt 0.34960898756980896 0.5
vt 0.34960898756980896 0.5
vt 0.34960898756980896 0.5
vt 0.34960898756980896 0.5
vt 0.34960898756980896 0.5
vt 0.34960898756980896 0.5
vt 0.34960898756980896 0.5
vt 0.37695300579071045 0.5
vt 0.37695300579071045 0.5
vt 0.37695300579071045 0.5
vt 0.34960898756980896 0.5
vt 0.34960898756980896 0.5
vt 0.34960898756980896 0.5
vt 0.34960898756980896 0.5
vt 0.37695300579071045 0.5
vt 0.34960898756980896 0.5
vt 0.34960898756980896 0.5
vt 0.34960898756980896 0.5
vt 0.34960898756980896 0.5
vt 0.34960898756980896 0.5
vt 0.38476601243019104 0.5
vt 0.38085898756980896 0.5
vt 0.38085898756980896 0.5
vt 0.38476601243019104 0.5
vt 0.38867199420928955 0.5
vt 0.38867199420928955 0.5
vt 0.38867199420928955 0.5
vt 0.38085898756980896 0.5
vt 0.38867199420928955 0.5
vt 0.37695300579071045 0.5
vt 0.37695300579071045 0.5
vt 0.37695300579071045 0.5
vt 0.36132800579071045 0.5
vt 0.36132800579071045 0.5
vt 0.36132800579071045 0.5
vt 0.36132800579071045 0.5
vt 0.37695300579071045 0.5
vt 0.37695300579071045 0.5
vt 0.37695300579071045 0.5
vt 0.36132800579071045 0.5
vt 0.37695300579071045 0.5
vt 0.37695300579071045 0.5
vt 0.36132800579071045 0.5
vt 0.36132800579071045 0.5
vt 0.36132800579071045 0.5
vt 0.37695300579071045 0.5
vt 0.36132800579071045 0.5
vt 0.36132800579071045 0.5
vt 0.36132800579071045 0.5
vt 0.36132800579071045 0.5
vt 0.37695300579071045 0.5
vt 0.37695300579071045 0.5
vt 0.37695300579071045 0.5
vt 0.36132800579071045 0.5
vt 0.35742199420928955 0.5
vt 0.35742199420928955 0.5
vt 0.35742199420928955 0.5
vt 0.37695300579071045 0.5
vt 0.35742199420928955 0.5
vt 0.35742199420928955 0.5
vt 0.35742199420928955 0.5
vt 0.36132800579071045 0.5
vt 0.36132800579071045 0.5
vt 0.36132800579071045 0.5
vt 0.35742199420928955 0.5
vt 0.37695300579071045 0.5
vt 0.37695300579071045 0.5
vt 0.37695300579071045 0.5
vt 0.36132800579071045 0.5
vt 0.37695300579071045 0.5
vt 0.38085898756980896 0.5
vt 0.38085898756980896 0.5
vt 0.38867199420928955 0.5
vt 0.38867199420928955 0.5
vt 0.38867199420928955 0.5
vt 0.38085898756980896 0.5
vt 0.38085898756980896 0.5
vt 0.38085898756980896 0.5
vt 0.38867199420928955 0.5
vt 0.38476601243019104 0.5
vt 0.38085898756980896 0.5
vt 0.37695300579071045 0.5
vt 0.37695300579071045 0.5
vt 0.34960898756980896 0.5
vt 0.36132800579071045 0.5
vt 0.37695300579071045 0.5
vt 0.35742199420928955 0.5
vt 0.35742199420928955 0.5
vt 0.35742199420928955 0.5
vt 0.36132800579071045 0.5
vt 0.36914101243019104 0.5
vt 0.36914101243019104 0.5
vt 0.36914101243019104 0.5
vt 0.35742199420928955 0.5
vt 0.36132800579071045 0.5
vt 0.36914101243019104 0.5
vt 0.36132800579071045 0.5
vt 0.37695300579071045 0.5
vt 0.37695300579071045 0.5
vt 0.37695300579071045 0.5
vt 0.36132800579071045 0.5
vt 0.36132800579071045 0.5
vt 0.37695300579071045 0.5
vt 0.35742199420928955 0.5
vt 0.35742199420928955 0.5
vt 0.35742199420928955 0.5
vt 0.36132800579071045 0.5
vt 0.36132800579071045 0.5
vt 0.35742199420928955 0.5
vt 0.36132800579071045 0.5
vt 0.36132800579071045 0.5
vt 0.37695300579071045 0.5
vt 0.37695300579071045 0.5
vt 0.36132800579071045 0.5
vt 0.37695300579071045 0.5
vt 0.34960898756980896 0.5
vt 0.34960898756980896 0.5
vt 0.34960898756980896 0.5
vt 0.37695300579071045 0.5
vt 0.38085898756980896 0.5
vt 0.38085898756980896 0.5
vt 0.38476601243019104 0.5
vt 0.38476601243019104 0.5
vt 0.38476601243019104 0.5
vt 0.38085898756980896 0.5
vt 0.38476601243019104 0.5
vt 0.34960898756980896 0.5
vt 0.34960898756980896 0.5
vt 0.34960898756980896 0.5
vt 0.34960898756980896 0.5
vt 0.37304699420928955 0.5
vt 0.37304699420928955 0.5
vt 0.37304699420928955 0.5
vt 0.34960898756980896 0.5
vt 0.34960898756980896 0.5
vt 0.34960898756980896 0.5
vt 0.34960898756980896 0.5
vt 0.37304699420928955 0.5
vt 0.37695300579071045 0.5
vt 0.37695300579071045 0.5
vt 0.34960898756980896 0.5
vt 0.34960898756980896 0.5
vt 0.34960898756980896 0.5
vt 0.34960898756980896 0.5
vt 0.37695300579071045 0.5
vt 0.34960898756980896 0.5
vt 0.34960898756980896 0.5
vt 0.34960898756980896 0.5
vt 0.34960898756980896 0.5
vt 0.33398398756980896 0.5
vt 0.33398398756980896 0.5
vt 0.33398398756980896 0.5
vt 0.33398398756980896 0.5
vt 0.33398398756980896 0.5
vt 0.33398398756980896 0.5
vt 0.33398398756980896 0.5
vt 0.33398398756980896 0.5
vt 0.33007800579071045 0.5
vt 0.33007800579071045 0.5
vt 0.33007800579071045 0.5
vt 0.33398398756980896 0.5
vt 0.33007800579071045 0.5
vt 0.33007800579071045 0.5
vt 0.33007800579071045 0.5
vt 0.33007800579071045 0.5
vt 0.33398398756980896 0.5
vt 0.33007800579071045 0.5
vt 0.33398398756980896 0.5
vt 0.33398398756980896 0.5
vt 0.33398398756980896 0.5
vt 0.33398398756980896 0.5
vt 0.33398398756980896 0.5
vt 0.33398398756980896 0.5
vt 0.33007800579071045 0.5
vt 0.33007800579071045 0.5
vt 0.33007800579071045 0.5
vt 0.33398398756980896 0.5
vt 0.33007800579071045 0.5
vt 0.33398398756980896 0.5
vt 0.33398398756980896 0.5
vt 0.33398398756980896 0.5
vt 0.33398398756980896 0.5
vt 0.33007800579071045 0.5
vt 0.33007800579071045 0.5
vt 0.33007800579071045 0.5
vt 0.33398398756980896 0.5
vt 0.33007800579071045 0.5
vt 0.33398398756980896 0.5
vt 0.33398398756980896 0.5
vt 0.33398398756980896 0.5
vt 0.33398398756980896 0.5
vt 0.33007800579071045 0.5
vt 0.33007800579071045 0.5
vt 0.33007800579071045 0.5
vt 0.33398398756980896 0.5
vt 0.33007800579071045 0.5
vt 0.33007800579071045 0.5
vt 0.33007800579071045 0.5
vt 0.33007800579071045 0.5
vt 0.33398398756980896 0.5
vt 0.33007800579071045 0.5
vt 0.33398398756980896 0.5
vt 0.33398398756980896 0.5
vt 0.33398398756980896 0.5
vt 0.33007800579071045 0.5
vt 0.33007800579071045 0.5
vt 0.33007800579071045 0.5
vt 0.33398398756980896 0.5
vt 0.33398398756980896 0.5
vt 0.33007800579071045 0.5
vt 0.33398398756980896 0.5
vt 0.33398398756980896 0.5
vt 0.33398398756980896 0.5
vt 0.33007800579071045 0.5
vt 0.33007800579071045 0.5
vt 0.33007800579071045 0.5
vt 0.33398398756980896 0.5
vt 0.33007800579071045 0.5
vt 0.34179699420928955 0.5
vt 0.34179699420928955 0.5
vt 0.34179699420928955 0.5
vt 0.33007800579071045 0.5
vt 0.33007800579071045 0.5
vt 0.33007800579071045 0.5
vt 0.33007800579071045 0.5
vt 0.33398398756980896 0.5
vt 0.33398398756980896 0.5
vt 0.33398398756980896 0.5
vt 0.34179699420928955 0.5
vt 0.34179699420928955 0.5
vt 0.34179699420928955 0.5
vt 0.33398398756980896 0.5
vt 0.34570300579071045 0.5
vt 0.34570300579071045 0.5
vt 0.34570300579071045 0.5
vt 0.34179699420928955 0.5
vt 0.34570300579071045 0.5
vt 0.33398398756980896 0.5
vt 0.33398398756980896 0.5
vt 0.33398398756980896 0.5
vt 0.34179699420928955 0.5
vt 0.33398398756980896 0.5
vt 0.34179699420928955 0.5
vt 0.34179699420928955 0.5
vt 0.33789101243019104 0.5
vt 0.33789101243019104 0.5
vt 0.33789101243019104 0.5
vt 0.34179699420928955 0.5
vt 0.34570300579071045 0.5
vt 0.34570300579071045 0.5
vt 0.34570300579071045 0.5
vt 0.34179699420928955 0.5
vt 0.34570300579071045 0.5
vt 0.33007800579071045 0.5
vt 0.33007800579071045 0.5
vt 0.33007800579071045 0.5
vt 0.34179699420928955 0.5
vt 0.33007800579071045 0.5
vt 0.33007800579071045 0.5
vt 0.33007800579071045 0.5
vt 0.33007800579071045 0.5
vt 0.33789101243019104 0.5
vt 0.33007800579071045 0.5
vt 0.34570300579071045 0.5
vt 0.34570300579071045 0.5
vt 0.34570300579071045 0.5
vt 0.33789101243019104 0.5
vt 0.34179699420928955 0.5
vt 0.34179699420928955 0.5
vt 0.33789101243019104 0.5
vt 0.33789101243019104 0.5
vt 0.33789101243019104 0.5
vt 0.34179699420928955 0.5
vt 0.33007800579071045 0.5
vt 0.33789101243019104 0.5
vt 0.33007800579071045 0.5
vt 0.33398398756980896 0.5
vt 0.33398398756980896 0.5
vt 0.33398398756980896 0.5
vt 0.33007800579071045 0.5
vt 0.33007800579071045 0.5
vt 0.33007800579071045 0.5
vt 0.33007800579071045 0.5
vt 0.33398398756980896 0.5
vt 0.33398398756980896 0.5
vt 0.33398398756980896 0.5
vt 0.33398398756980896 0.5
vt 0.33007800579071045 0.5
vt 0.33007800579071045 0.5
vt 0.33007800579071045 0.5
vt 0.33007800579071045 0.5
vt 0.33398398756980896 0.5
vt 0.33398398756980896 0.5
vt 0.33398398756980896 0.5
vt 0.33398398756980896 0.5
vt 0.33007800579071045 0.5
vt 0.33007800579071045 0.5
vt 0.33007800579071045 0.5
vt 0.33007800579071045 0.5
vt 0.33398398756980896 0.5
vt 0.33398398756980896 0.5
vt 0.33398398756980896 0.5
vt 0.33398398756980896 0.5
vt 0.33007800579071045 0.5
vt 0.33007800579071045 0.5
vt 0.33007800579071045 0.5
vt 0.33007800579071045 0.5
vt 0.33398398756980896 0.5
vt 0.33007800579071045 0.5
vt 0.33398398756980896 0.5
vt 0.33398398756980896 0.5
vt 0.33398398756980896 0.5
vt 0.33007800579071045 0.5
vt 0.33398398756980896 0.5
vt 0.33007800579071045 0.5
vt 0.33007800579071045 0.5
vt 0.33007800579071045 0.5
vt 0.33398398756980896 0.5
vt 0.33398398756980896 0.5
vt 0.33398398756980896 0.5
vt 0.33398398756980896 0.5
vt 0.33007800579071045 0.5
vt 0.33398398756980896 0.5
vt 0.33398398756980896 0.5
vt 0.33398398756980896 0.5
vt 0.33007800579071045 0.5
vt 0.33007800579071045 0.5
vt 0.33007800579071045 0.5
vt 0.33398398756980896 0.5
vt 0.33007800579071045 0.5
vt 0.33398398756980896 0.5
vt 0.33398398756980896 0.5
vt 0.33398398756980896 0.5
vt 0.33007800579071045 0.5
vt 0.33007800579071045 0.5
vt 0.33007800579071045 0.5
vt 0.33398398756980896 0.5
vt 0.33398398756980896 0.5
vt 0.33398398756980896 0.5
vt 0.33398398756980896 0.5
vt 0.33007800579071045 0.5
vt 0.34179699420928955 0.5
vt 0.34179699420928955 0.5
vt 0.34179699420928955 0.5
vt 0.33398398756980896 0.5
vt 0.34570300579071045 0.5
vt 0.34570300579071045 0.5
vt 0.34570300579071045 0.5
vt 0.33789101243019104 0.5
vt 0.34570300579071045 0.5
vt 0.33789101243019104 0.5
vt 0.34179699420928955 0.5
vt 0.34179699420928955 0.5
vt 0.34179699420928955 0.5
vt 0.33789101243019104 0.5
vt 0.33789101243019104 0.5
vt 0.33789101243019104 0.5
vt 0.33789101243019104 0.5
vt 0.34179699420928955 0.5
vt 0.34179699420928955 0.5
vt 0.34179699420928955 0.5
vt 0.34179699420928955 0.5
vt 0.33789101243019104 0.5
vt 0.34179699420928955 0.5
vt 0.34179699420928955 0.5
vt 0.34179699420928955 0.5
vt 0.33789101243019104 0.5
vt 0.33789101243019104 0.5
vt 0.33789101243019104 0.5
vt 0.34179699420928955 0.5
vt 0.34179699420928955 0.5
vt 0.34179699420928955 0.5
vt 0.34179699420928955 0.5
vt 0.33789101243019104 0.5
vt 0.34179699420928955 0.5
vt 0.33789101243019104 0.5
vt 0.33789101243019104 0.5
vt 0.33789101243019104 0.5
vt 0.34179699420928955 0.5
vt 0.33789101243019104 0.5
vt 0.34179699420928955 0.5
vt 0.34179699420928955 0.5
vt 0.34179699420928955 0.5
vt 0.33789101243019104 0.5
vt 0.33789101243019104 0.5
vt 0.33789101243019104 0.5
vt 0.33789101243019104 0.5
vt 0.34179699420928955 0.5
vt 0.33789101243019104 0.5
vt 0.34179699420928955 0.5
vt 0.34179699420928955 0.5
vt 0.34179699420928955 0.5
vt 0.33789101243019104 0.5
vt 0.33789101243019104 0.5
vt 0.33789101243019104 0.5
vt 0.33789101243019104 0.5
vt 0.34179699420928955 0.5
vt 0.34179699420928955 0.5
vt 0.34179699420928955 0.5
vt 0.34179699420928955 0.5
vt 0.33789101243019104 0.5
vt 0.34179699420928955 0.5
vt 0.33789101243019104 0.5
vt 0.33789101243019104 0.5
vt 0.33789101243019104 0.5
vt 0.34179699420928955 0.5
vt 0.33789101243019104 0.5
vt 0.33789101243019104 0.5
vt 0.33789101243019104 0.5
vt 0.34179699420928955 0.5
vt 0.33789101243019104 0.5
vt 0.34570300579071045 0.5
vt 0.34179699420928955 0.5
vt 0.34570300579071045 0.5
vt 0.38476601243019104 0.5
vt 0.38476601243019104 0.5
vt 0.38476601243019104 0.5
vt 0.38476601243019104 0.5
vt 0.38476601243019104 0.5
vt 0.38085898756980896 0.5
vt 0.38085898756980896 0.5
vt 0.38085898756980896 0.5
vt 0.38476601243019104 0.5
vt 0.38085898756980896 0.5
vt 0.38476601243019104 0.5
vt 0.38476601243019104 0.5
vt 0.38476601243019104 0.5
vt 0.38085898756980896 0.5
vt 0.38476601243019104 0.5
vt 0.34960898756980896 0.5
vt 0.34960898756980896 0.5
vt 0.34960898756980896 0.5
vt 0.34960898756980896 0.5
vt 0.34960898756980896 0.5
vt 0.34960898756980896 0.5
vt 0.34960898756980896 0.5
vt 0.34960898756980896 0.5
vt 0.34960898756980896 0.5
vt 0.37695300579071045 0.5
vt 0.37695300579071045 0.5
vt 0.37695300579071045 0.5
vt 0.37695300579071045 0.5
vt 0.34960898756980896 0.5
vt 0.34960898756980896 0.5
vt 0.34960898756980896 0.5
vt 0.34960898756980896 0.5
vt 0.34960898756980896 0.5
vt 0.34960898756980896 0.5
vt 0.34960898756980896 0.5
vt 0.34960898756980896 0.5
vt 0.34960898756980896 0.5
vt 0.34960898756980896 0.5
vt 0.34960898756980896 0.5
vt 0.34960898756980896 0.5
vt 0.34960898756980896 0.5
vt 0.34960898756980896 0.5
vt 0.38085898756980896 0.5
vt 0.38085898756980896 0.5
vt 0.38867199420928955 0.5
vt 0.38867199420928955 0.5
vt 0.38867199420928955 0.5
vt 0.38867199420928955 0.5
vt 0.38476601243019104 0.5
vt 0.38085898756980896 0.5
vt 0.37695300579071045 0.5
vt 0.38476601243019104 0.5
vt 0.37695300579071045 0.5
vt 0.37695300579071045 0.5
vt 0.37695300579071045 0.5
vt 0.37304699420928955 0.5
vt 0.37304699420928955 0.5
vt 0.37304699420928955 0.5
vt 0.37695300579071045 0.5
vt 0.37695300579071045 0.5
vt 0.37695300579071045 0.5
vt 0.37695300579071045 0.5
vt 0.37304699420928955 0.5
vt 0.36132800579071045 0.5
vt 0.36132800579071045 0.5
vt 0.36132800579071045 0.5
vt 0.37695300579071045 0.5
vt 0.36132800579071045 0.5
vt 0.35742199420928955 0.5
vt 0.35742199420928955 0.5
vt 0.35742199420928955 0.5
vt 0.36132800579071045 0.5
vt 0.36132800579071045 0.5
vt 0.36132800579071045 0.5
vt 0.36132800579071045 0.5
vt 0.35742199420928955 0.5
vt 0.36132800579071045 0.5
vt 0.35742199420928955 0.5
vt 0.35742199420928955 0.5
vt 0.35742199420928955 0.5
vt 0.36132800579071045 0.5
vt 0.36132800579071045 0.5
vt 0.36132800579071045 0.5
vt 0.36132800579071045 0.5
vt 0.35742199420928955 0.5
vt 0.37695300579071045 0.5
vt 0.37695300579071045 0.5
vt 0.37695300579071045 0.5
vt 0.36132800579071045 0.5
vt 0.37695300579071045 0.5
vt 0.37695300579071045 0.5
vt 0.35742199420928955 0.5
vt 0.35742199420928955 0.5
vt 0.35742199420928955 0.5
vt 0.37695300579071045 0.5
vt 0.37695300579071045 0.5
vt 0.37695300579071045 0.5
vt 0.37695300579071045 0.5
vt 0.35742199420928955 0.5
vt 0.37695300579071045 0.5
vt 0.37695300579071045 0.5
vt 0.38085898756980896 0.5
vt 0.38085898756980896 0.5
vt 0.38085898756980896 0.5
vt 0.38476601243019104 0.5
vt 0.38867199420928955 0.5
vt 0.38085898756980896 0.5
vt 0.38867199420928955 0.5
vt 0.38867199420928955 0.5
vt 0.38476601243019104 0.5
vt 0.38867199420928955 0.5
vt 0.37695300579071045 0.5
vt 0.34960898756980896 0.5
vt 0.34960898756980896 0.5
vt 0.34960898756980896 0.5
vt 0.36132800579071045 0.5
vt 0.36132800579071045 0.5
vt 0.36132800579071045 0.5
vt 0.37695300579071045 0.5
vt 0.36914101243019104 0.5
vt 0.36914101243019104 0.5
vt 0.36914101243019104 0.5
vt 0.36132800579071045 0.5
vt 0.35742199420928955 0.5
vt 0.35742199420928955 0.5
vt 0.35742199420928955 0.5
vt 0.36914101243019104 0.5
vt 0.35742199420928955 0.5
vt 0.35742199420928955 0.5
vt 0.36132800579071045 0.5
vt 0.35742199420928955 0.5
vt 0.37695300579071045 0.5
vt 0.37695300579071045 0.5
vt 0.37695300579071045 0.5
vt 0.36132800579071045 0.5
vt 0.36132800579071045 0.5
vt 0.37695300579071045 0.5
vt 0.35742199420928955 0.5
vt 0.35742199420928955 0.5
vt 0.36132800579071045 0.5
vt 0.37695300579071045 0.5
vt 0.37695300579071045 0.5
vt 0.37695300579071045 0.5
vt 0.35742199420928955 0.5
vt 0.36132800579071045 0.5
vt 0.37695300579071045 0.5
vt 0.36132800579071045 0.5
vt 0.35742199420928955 0.5
vt 0.35742199420928955 0.5
vt 0.35742199420928955 0.5
vt 0.36132800579071045 0.5
vt 0.37695300579071045 0.5
vt 0.35742199420928955 0.5
vt 0.36132800579071045 0.5
vt 0.36132800579071045 0.5
vt 0.36132800579071045 0.5
vt 0.37695300579071045 0.5
vt 0.37695300579071045 0.5
vt 0.36132800579071045 0.5
vt 0.34960898756980896 0.5
vt 0.34960898756980896 0.5
vt 0.34960898756980896 0.5
vt 0.37695300579071045 0.5
vt 0.38476601243019104 0.5
vt 0.38476601243019104 0.5
vt 0.38476601243019104 0.5
vt 0.38085898756980896 0.5
vt 0.38085898756980896 0.5
vt 0.38085898756980896 0.5
vt 0.38476601243019104 0.5
vt 0.38476601243019104 0.5
vt 0.38085898756980896 0.5
vt 0.34960898756980896 0.5
vt 0.38476601243019104 0.5
vt 0.34960898756980896 0.5
vt 0.34960898756980896 0.5
vt 0.37304699420928955 0.5
vt 0.37304699420928955 0.5
vt 0.37304699420928955 0.5
vt 0.34960898756980896 0.5
vt 0.37304699420928955 0.5
vt 0.37695300579071045 0.5
vt 0.37695300579071045 0.5
vt 0.37695300579071045 0.5
vt 0.37304699420928955 0.5
vt 0.34960898756980896 0.5
vt 0.34960898756980896 0.5
vt 0.34960898756980896 0.5
vt 0.37695300579071045 0.5
vt 0.34960898756980896 0.5
vt 0.34960898756980896 0.5
vt 0.34960898756980896 0.5
vt 0.34960898756980896 0.5
vt 0.34960898756980896 0.5
vt 0.34960898756980896 0.5
vt 0.34960898756980896 0.5
vt 0.34960898756980896 0.5
vt 0.34570300579071045 0.5
vt 0.34570300579071045 0.5
vt 0.34570300579071045 0.5
vt 0.34570300579071045 0.5
vt 0.34179699420928955 0.5
vt 0.34179699420928955 0.5
vt 0.34179699420928955 0.5
vt 0.34570300579071045 0.5
vt 0.34570300579071045 0.5
vt 0.34570300579071045 0.5
vt 0.34570300579071045 0.5
vt 0.34179699420928955 0.5
vt 0.34570300579071045 0.5
vt 0.38476601243019104 0.5
vt 0.38476601243019104 0.5
vt 0.38476601243019104 0.5
vt 0.34570300579071045 0.5
vt 0.38476601243019104 0.5
vt 0.38085898756980896 0.5
vt 0.38085898756980896 0.5
vt 0.38085898756980896 0.5
vt 0.38476601243019104 0.5
vt 0.38085898756980896 0.5
vt 0.33789101243019104 0.5
vt 0.33789101243019104 0.5
vt 0.33789101243019104 0.5
vt 0.34179699420928955 0.5
vt 0.34179699420928955 0.5
vt 0.33789101243019104 0.5
vt 0.34179699420928955 0.5
vt 0.34179699420928955 0.5
vt 0.33789101243019104 0.5
vt 0.33789101243019104 0.5
vt 0.33789101243019104 0.5
vt 0.34179699420928955 0.5
vt 0.38476601243019104 0.5
vt 0.33789101243019104 0.5
vt 0.33398398756980896 0.5
vt 0.33398398756980896 0.5
vt 0.33398398756980896 0.5
vt 0.33007800579071045 0.5
vt 0.33007800579071045 0.5
vt 0.33007800579071045 0.5
vt 0.33398398756980896 0.5
vt 0.33398398756980896 0.5
vt 0.33398398756980896 0.5
vt 0.33398398756980896 0.5
vt 0.33007800579071045 0.5
vt 0.34179699420928955 0.5
vt 0.34179699420928955 0.5
vt 0.33398398756980896 0.5
vt 0.38476601243019104 0.5
vt 0.34179699420928955 0.5
vt 0.38085898756980896 0.5
vt 0.38867199420928955 0.5
vt 0.38867199420928955 0.5
vt 0.38867199420928955 0.5
vt 0.38085898756980896 0.5
vt 0.33398398756980896 0.5
vt 0.33789101243019104 0.5
vt 0.33789101243019104 0.5
vt 0.33789101243019104 0.5
vt 0.33398398756980896 0.5
vt 0.38476601243019104 0.5
vt 0.33789101243019104 0.5
vt 0.38085898756980896 0.5
vt 0.38085898756980896 0.5
vt 0.38476601243019104 0.5
vt 0.38867199420928955 0.5
vt 0.38085898756980896 0.5
vt 0.33007800579071045 0.5
vt 0.33007800579071045 0.5
vt 0.33007800579071045 0.5
vt 0.33789101243019104 0.5
vt 0.33007800579071045 0.5
vt 0.38085898756980896 0.5
vt 0.38085898756980896 0.5
vt 0.33789101243019104 0.5
vt 0.38867199420928955 0.5
vt 0.38867199420928955 0.5
vt 0.38085898756980896 0.5
vt 0.33398398756980896 0.5
vt 0.33398398756980896 0.5
vt 0.33398398756980896 0.5
vt 0.34179699420928955 0.5
vt 0.34179699420928955 0.5
vt 0.34179699420928955 0.5
vt 0.38476601243019104 0.5
vt 0.38476601243019104 0.5
vt 0.38476601243019104 0.5
vt 0.34179699420928955 0.5
vt 0.33398398756980896 0.5
vt 0.33789101243019104 0.5
vt 0.33789101243019104 0.5
vt 0.33789101243019104 0.5
vt 0.38476601243019104 0.5
vt 0.33789101243019104 0.5
vt 0.38867199420928955 0.5
vt 0.38476601243019104 0.5
vt 0.38476601243019104 0.5
vt 0.38476601243019104 0.5
vt 0.38476601243019104 0.5
vt 0.38867199420928955 0.5
vt 0.38085898756980896 0.5
vt 0.38085898756980896 0.5
vt 0.38085898756980896 0.5
vt 0.38085898756980896 0.5
vt 0.34179699420928955 0.5
vt 0.34179699420928955 0.5
vt 0.34179699420928955 0.5
vt 0.33398398756980896 0.5
vt 0.38476601243019104 0.5
vt 0.34179699420928955 0.5
vt 0.38476601243019104 0.5
vt 0.38476601243019104 0.5
vt 0.38476601243019104 0.5
vt 0.38867199420928955 0.5
vt 0.38476601243019104 0.5
vt 0.33398398756980896 0.5
vt 0.33789101243019104 0.5
vt 0.33789101243019104 0.5
vt 0.33789101243019104 0.5
vt 0.33398398756980896 0.5
vt 0.38476601243019104 0.5
vt 0.33789101243019104 0.5
vt 0.38867199420928955 0.5
vt 0.38476601243019104 0.5
vt 0.33007800579071045 0.5
vt 0.33007800579071045 0.5
vt 0.33007800579071045 0.5
vt 0.33789101243019104 0.5
vt 0.33007800579071045 0.5
vt 0.38085898756980896 0.5
vt 0.38085898756980896 0.5
vt 0.38085898756980896 0.5
vt 0.33789101243019104 0.5
vt 0.38867199420928955 0.5
vt 0.38085898756980896 0.5
vt 0.33398398756980896 0.5
vt 0.33398398756980896 0.5
vt 0.33398398756980896 0.5
vt 0.33789101243019104 0.5
vt 0.33398398756980896 0.5
vt 0.38476601243019104 0.5
vt 0.38476601243019104 0.5
vt 0.38476601243019104 0.5
vt 0.33789101243019104 0.5
vt 0.38085898756980896 0.5
vt 0.38085898756980896 0.5
vt 0.38085898756980896 0.5
vt 0.38867199420928955 0.5
vt 0.38085898756980896 0.5
vt 0.33007800579071045 0.5
vt 0.33007800579071045 0.5
vt 0.33007800579071045 0.5
vt 0.33398398756980896 0.5
vt 0.33398398756980896 0.5
vt 0.33007800579071045 0.5
vt 0.33398398756980896 0.5
vt 0.34179699420928955 0.5
vt 0.34179699420928955 0.5
vt 0.34179699420928955 0.5
vt 0.33398398756980896 0.5
vt 0.38476601243019104 0.5
vt 0.38867199420928955 0.5
vt 0.38867199420928955 0.5
vt 0.34179699420928955 0.5
vt 0.34179699420928955 0.5
vt 0.34179699420928955 0.5
vt 0.34179699420928955 0.5
vt 0.33789101243019104 0.5
vt 0.33789101243019104 0.5
vt 0.33789101243019104 0.5
vt 0.34179699420928955 0.5
vt 0.34179699420928955 0.5
vt 0.33789101243019104 0.5
vt 0.38476601243019104 0.5
vt 0.34179699420928955 0.5
vt 0.38085898756980896 0.5
vt 0.38085898756980896 0.5
vt 0.38085898756980896 0.5
vt 0.38476601243019104 0.5
vt 0.38867199420928955 0.5
vt 0.38085898756980896 0.5
vt 0.38476601243019104 0.5
vt 0.38476601243019104 0.5
vt 0.38476601243019104 0.5
vt 0.38867199420928955 0.5
vt 0.34570300579071045 0.5
vt 0.34570300579071045 0.5
vt 0.34570300579071045 0.5
vt 0.34179699420928955 0.5
vt 0.34570300579071045 0.5
vt 0.34570300579071045 0.5
vt 0.34570300579071045 0.5
vt 0.34570300579071045 0.5
vt 0.34179699420928955 0.5
vt 0.38476601243019104 0.5
vt 0.38476601243019104 0.5
vt 0.34570300579071045 0.5
vt 0.38476601243019104 0.5
vt 0.33007800579071045 0.5
vt 0.33007800579071045 0.5
vt 0.33007800579071045 0.5
vt 0.33398398756980896 0.5
vt 0.33398398756980896 0.5
vt 0.33398398756980896 0.5
vt 0.33007800579071045 0.5
vt 0.33007800579071045 0.5
vt 0.33007800579071045 0.5
vt 0.33007800579071045 0.5
vt 0.33398398756980896 0.5
vt 0.33007800579071045 0.5
vt 0.33398398756980896 0.5
vt 0.33398398756980896 0.5
vt 0.33398398756980896 0.5
vt 0.33398398756980896 0.5
vt 0.33398398756980896 0.5
vt 0.33007800579071045 0.5
vt 0.33007800579071045 0.5
vt 0.33007800579071045 0.5
vt 0.33398398756980896 0.5
vt 0.33398398756980896 0.5
vt 0.33007800579071045 0.5
vt 0.33398398756980896 0.5
vt 0.33398398756980896 0.5
vt 0.33398398756980896 0.5
vt 0.33398398756980896 0.5
vt 0.33398398756980896 0.5
vt 0.33398398756980896 0.5
vt 0.33007800579071045 0.5
vt 0.33007800579071045 0.5
vt 0.33007800579071045 0.5
vt 0.33398398756980896 0.5
vt 0.33007800579071045 0.5
vt 0.33007800579071045 0.5
vt 0.33007800579071045 0.5
vt 0.33007800579071045 0.5
vt 0.33398398756980896 0.5
vt 0.33398398756980896 0.5
vt 0.33398398756980896 0.5
vt 0.33007800579071045 0.5
vt 0.33398398756980896 0.5
vt 0.33398398756980896 0.5
vt 0.33398398756980896 0.5
vt 0.33398398756980896 0.5
vt 0.33007800579071045 0.5
vt 0.33007800579071045 0.5
vt 0.33007800579071045 0.5
vt 0.33398398756980896 0.5
vt 0.33007800579071045 0.5
vt 0.33398398756980896 0.5
vt 0.33398398756980896 0.5
vt 0.33398398756980896 0.5
vt 0.33398398756980896 0.5
vt 0.33007800579071045 0.5
vt 0.33007800579071045 0.5
vt 0.33007800579071045 0.5
vt 0.33398398756980896 0.5
vt 0.33398398756980896 0.5
vt 0.33398398756980896 0.5
vt 0.33007800579071045 0.5
vt 0.33398398756980896 0.5
vt 0.33398398756980896 0.5
vt 0.33398398756980896 0.5
vt 0.33398398756980896 0.5
vt 0.33007800579071045 0.5
vt 0.33007800579071045 0.5
vt 0.33007800579071045 0.5
vt 0.33398398756980896 0.5
vt 0.33007800579071045 0.5
vt 0.33007800579071045 0.5
vt 0.33007800579071045 0.5
vt 0.33007800579071045 0.5
vt 0.33398398756980896 0.5
vt 0.33007800579071045 0.5
vt 0.34570300579071045 0.5
vt 0.34570300579071045 0.5
vt 0.34570300579071045 0.5
vt 0.34570300579071045 0.5
vt 0.34179699420928955 0.5
vt 0.34179699420928955 0.5
vt 0.34179699420928955 0.5
vt 0.34570300579071045 0.5
vt 0.34570300579071045 0.5
vt 0.34570300579071045 0.5
vt 0.34570300579071045 0.5
vt 0.34179699420928955 0.5
vt 0.34960898756980896 0.5
vt 0.34960898756980896 0.5
vt 0.34960898756980896 0.5
vt 0.34570300579071045 0.5
vt 0.34960898756980896 0.5
vt 0.34960898756980896 0.5
vt 0.34960898756980896 0.5
vt 0.37695300579071045 0.5
vt 0.37695300579071045 0.5
vt 0.37695300579071045 0.5
vt 0.34960898756980896 0.5
vt 0.34179699420928955 0.5
vt 0.34179699420928955 0.5
vt 0.34179699420928955 0.5
vt 0.34179699420928955 0.5
vt 0.33789101243019104 0.5
vt 0.33789101243019104 0.5
vt 0.33789101243019104 0.5
vt 0.34179699420928955 0.5
vt 0.33789101243019104 0.5
vt 0.34179699420928955 0.5
vt 0.34179699420928955 0.5
vt 0.33789101243019104 0.5
vt 0.34960898756980896 0.5
vt 0.34179699420928955 0.5
vt 0.37695300579071045 0.5
vt 0.34960898756980896 0.5
vt 0.36132800579071045 0.5
vt 0.36132800579071045 0.5
vt 0.36132800579071045 0.5
vt 0.37695300579071045 0.5
vt 0.33007800579071045 0.5
vt 0.33007800579071045 0.5
vt 0.33007800579071045 0.5
vt 0.33398398756980896 0.5
vt 0.33398398756980896 0.5
vt 0.33398398756980896 0.5
vt 0.33007800579071045 0.5
vt 0.33007800579071045 0.5
vt 0.33007800579071045 0.5
vt 0.33007800579071045 0.5
vt 0.33398398756980896 0.5
vt 0.33007800579071045 0.5
vt 0.36132800579071045 0.5
vt 0.35742199420928955 0.5
vt 0.35742199420928955 0.5
vt 0.35742199420928955 0.5
vt 0.34960898756980896 0.5
vt 0.36132800579071045 0.5
vt 0.34960898756980896 0.5
vt 0.33007800579071045 0.5
vt 0.33789101243019104 0.5
vt 0.33789101243019104 0.5
vt 0.33007800579071045 0.5
vt 0.35742199420928955 0.5
vt 0.37695300579071045 0.5
vt 0.37695300579071045 0.5
vt 0.37695300579071045 0.5
vt 0.37695300579071045 0.5
vt 0.37695300579071045 0.5
vt 0.37695300579071045 0.5
vt 0.34960898756980896 0.5
vt 0.35742199420928955 0.5
vt 0.36132800579071045 0.5
vt 0.36132800579071045 0.5
vt 0.36132800579071045 0.5
vt 0.35742199420928955 0.5
vt 0.33398398756980896 0.5
vt 0.33398398756980896 0.5
vt 0.33398398756980896 0.5
vt 0.33789101243019104 0.5
vt 0.33398398756980896 0.5
vt 0.34960898756980896 0.5
vt 0.33789101243019104 0.5
vt 0.33007800579071045 0.5
vt 0.33007800579071045 0.5
vt 0.33007800579071045 0.5
vt 0.34179699420928955 0.5
vt 0.34179699420928955 0.5
vt 0.34179699420928955 0.5
vt 0.34960898756980896 0.5
vt 0.34179699420928955 0.5
vt 0.36132800579071045 0.5
vt 0.36132800579071045 0.5
vt 0.34960898756980896 0.5
vt 0.34960898756980896 0.5
vt 0.34960898756980896 0.5
vt 0.36132800579071045 0.5
vt 0.33007800579071045 0.5
vt 0.33789101243019104 0.5
vt 0.33789101243019104 0.5
vt 0.33789101243019104 0.5
vt 0.33007800579071045 0.5
vt 0.34960898756980896 0.5
vt 0.33789101243019104 0.5
vt 0.36132800579071045 0.5
vt 0.34960898756980896 0.5
vt 0.37695300579071045 0.5
vt 0.37695300579071045 0.5
vt 0.37695300579071045 0.5
vt 0.36132800579071045 0.5
vt 0.34960898756980896 0.5
vt 0.37695300579071045 0.5
vt 0.33398398756980896 0.5
vt 0.33398398756980896 0.5
vt 0.33398398756980896 0.5
vt 0.34179699420928955 0.5
vt 0.34179699420928955 0.5
vt 0.34179699420928955 0.5
vt 0.33398398756980896 0.5
vt 0.37695300579071045 0.5
vt 0.37695300579071045 0.5
vt 0.35742199420928955 0.5
vt 0.35742199420928955 0.5
vt 0.35742199420928955 0.5
vt 0.34960898756980896 0.5
vt 0.35742199420928955 0.5
vt 0.34179699420928955 0.5
vt 0.33007800579071045 0.5
vt 0.33007800579071045 0.5
vt 0.33007800579071045 0.5
vt 0.34960898756980896 0.5
vt 0.34179699420928955 0.5
vt 0.33007800579071045 0.5
vt 0.33789101243019104 0.5
vt 0.33789101243019104 0.5
vt 0.33789101243019104 0.5
vt 0.34960898756980896 0.5
vt 0.33789101243019104 0.5
vt 0.37695300579071045 0.5
vt 0.34960898756980896 0.5
vt 0.36132800579071045 0.5
vt 0.36132800579071045 0.5
vt 0.36132800579071045 0.5
vt 0.37695300579071045 0.5
vt 0.34960898756980896 0.5
vt 0.36132800579071045 0.5
vt 0.33007800579071045 0.5
vt 0.34179699420928955 0.5
vt 0.34179699420928955 0.5
vt 0.34179699420928955 0.5
vt 0.33007800579071045 0.5
vt 0.34960898756980896 0.5
vt 0.34179699420928955 0.5
vt 0.33398398756980896 0.5
vt 0.33398398756980896 0.5
vt 0.33398398756980896 0.5
vt 0.36132800579071045 0.5
vt 0.36132800579071045 0.5
vt 0.34960898756980896 0.5
vt 0.37695300579071045 0.5
vt 0.37695300579071045 0.5
vt 0.36132800579071045 0.5
vt 0.33398398756980896 0.5
vt 0.33398398756980896 0.5
vt 0.33398398756980896 0.5
vt 0.33007800579071045 0.5
vt 0.33007800579071045 0.5
vt 0.33007800579071045 0.5
vt 0.33398398756980896 0.5
vt 0.33007800579071045 0.5
vt 0.33398398756980896 0.5
vt 0.33007800579071045 0.5
vt 0.33789101243019104 0.5
vt 0.33789101243019104 0.5
vt 0.33789101243019104 0.5
vt 0.33398398756980896 0.5
vt 0.34960898756980896 0.5
vt 0.33789101243019104 0.5
vt 0.34179699420928955 0.5
vt 0.34179699420928955 0.5
vt 0.34179699420928955 0.5
vt 0.33789101243019104 0.5
vt 0.33789101243019104 0.5
vt 0.33789101243019104 0.5
vt 0.34179699420928955 0.5
vt 0.34179699420928955 0.5
vt 0.34179699420928955 0.5
vt 0.34179699420928955 0.5
vt 0.33789101243019104 0.5
vt 0.34179699420928955 0.5
vt 0.34179699420928955 0.5
vt 0.34960898756980896 0.5
vt 0.34179699420928955 0.5
vt 0.35742199420928955 0.5
vt 0.35742199420928955 0.5
vt 0.35742199420928955 0.5
vt 0.34960898756980896 0.5
vt 0.37695300579071045 0.5
vt 0.35742199420928955 0.5
vt 0.34960898756980896 0.5
vt 0.37695300579071045 0.5
vt 0.34570300579071045 0.5
vt 0.34570300579071045 0.5
vt 0.34570300579071045 0.5
vt 0.34179699420928955 0.5
vt 0.34570300579071045 0.5
vt 0.34570300579071045 0.5
vt 0.34570300579071045 0.5
vt 0.34570300579071045 0.5
vt 0.34179699420928955 0.5
vt 0.34960898756980896 0.5
vt 0.34570300579071045 0.5
vt 0.37695300579071045 0.5
vt 0.37695300579071045 0.5
vt 0.34960898756980896 0.5
vt 0.34960898756980896 0.5
vt 0.34960898756980896 0.5
vt 0.37695300579071045 0.5
vt 0.34960898756980896 0.5
vt 0.34570300579071045 0.5
vt 0.34570300579071045 0.5
vt 0.34570300579071045 0.5
vt 0.33789101243019104 0.5
vt 0.33789101243019104 0.5
vt 0.33789101243019104 0.5
vt 0.34570300579071045 0.5
vt 0.33398398756980896 0.5
vt 0.33398398756980896 0.5
vt 0.33398398756980896 0.5
vt 0.33789101243019104 0.5
vt 0.33007800579071045 0.5
vt 0.33007800579071045 0.5
vt 0.33007800579071045 0.5
vt 0.34179699420928955 0.5
vt 0.34179699420928955 0.5
vt 0.34179699420928955 0.5
vt 0.33007800579071045 0.5
vt 0.34570300579071045 0.5
vt 0.34570300579071045 0.5
vt 0.34570300579071045 0.5
vt 0.34179699420928955 0.5
vt 0.34570300579071045 0.5
vt 0.34179699420928955 0.5
vt 0.34179699420928955 0.5
vt 0.34179699420928955 0.5
vt 0.33398398756980896 0.5
vt 0.33398398756980896 0.5
vt 0.34179699420928955 0.5
vt 0.33398398756980896 0.5
vt 0.33398398756980896 0.5
vt 0.33398398756980896 0.5
vt 0.33398398756980896 0.5
vt 0.33398398756980896 0.5
vt 0.33398398756980896 0.5
vt 0.34179699420928955 0.5
vt 0.34179699420928955 0.5
vt 0.34179699420928955 0.5
vt 0.33007800579071045 0.5
vt 0.33007800579071045 0.5
vt 0.33007800579071045 0.5
vt 0.33398398756980896 0.5
vt 0.33007800579071045 0.5
vt 0.33007800579071045 0.5
vt 0.33007800579071045 0.5
vt 0.33007800579071045 0.5
vt 0.33398398756980896 0.5
vt 0.33007800579071045 0.5
vt 0.33398398756980896 0.5
vt 0.33007800579071045 0.5
vt 0.33007800579071045 0.5
vt 0.33007800579071045 0.5
vt 0.33398398756980896 0.5
vt 0.33007800579071045 0.5
vt 0.33007800579071045 0.5
vt 0.33007800579071045 0.5
vt 0.33007800579071045 0.5
vt 0.33398398756980896 0.5
vt 0.33398398756980896 0.5
vt 0.33398398756980896 0.5
vt 0.33007800579071045 0.5
vt 0.33398398756980896 0.5
vt 0.33398398756980896 0.5
vt 0.33398398756980896 0.5
vt 0.33398398756980896 0.5
vt 0.33398398756980896 0.5
vt 0.34179699420928955 0.5
vt 0.34179699420928955 0.5
vt 0.34179699420928955 0.5
vt 0.34179699420928955 0.5
vt 0.34179699420928955 0.5
vt 0.33398398756980896 0.5
vt 0.34179699420928955 0.5
vt 0.33398398756980896 0.5
vt 0.33398398756980896 0.5
vt 0.34179699420928955 0.5
vt 0.34179699420928955 0.5
vt 0.34179699420928955 0.5
vt 0.33398398756980896 0.5
vt 0.34179699420928955 0.5
vt 0.34570300579071045 0.5
vt 0.34570300579071045 0.5
vt 0.34570300579071045 0.5
vt 0.34179699420928955 0.5
vt 0.34570300579071045 0.5
vt 0.33007800579071045 0.5
vt 0.33007800579071045 0.5
vt 0.33007800579071045 0.5
vt 0.34179699420928955 0.5
vt 0.33007800579071045 0.5
vt 0.33398398756980896 0.5
vt 0.34179699420928955 0.5
vt 0.34179699420928955 0.5
vt 0.33398398756980896 0.5
vt 0.34570300579071045 0.5
vt 0.34570300579071045 0.5
vt 0.34570300579071045 0.5
vt 0.34179699420928955 0.5
vt 0.34570300579071045 0.5
vt 0.33398398756980896 0.5
vt 0.33398398756980896 0.5
vt 0.33398398756980896 0.5
vt 0.33007800579071045 0.5
vt 0.33007800579071045 0.5
vt 0.33007800579071045 0.5
vt 0.33398398756980896 0.5
vt 0.33398398756980896 0.5
vt 0.33398398756980896 0.5
vt 0.33398398756980896 0.5
vt 0.33007800579071045 0.5
vt 0.33007800579071045 0.5
vt 0.33007800579071045 0.5
vt 0.33007800579071045 0.5
vt 0.33398398756980896 0.5
vt 0.33398398756980896 0.5
vt 0.33398398756980896 0.5
vt 0.33398398756980896 0.5
vt 0.33007800579071045 0.5
vt 0.33398398756980896 0.5
vt 0.34179699420928955 0.5
vt 0.34179699420928955 0.5
vt 0.34179699420928955 0.5
vt 0.34179699420928955 0.5
vt 0.34179699420928955 0.5
vt 0.34179699420928955 0.5
vt 0.34179699420928955 0.5
vt 0.34179699420928955 0.5
vt 0.34179699420928955 0.5
vt 0.33007800579071045 0.5
vt 0.33007800579071045 0.5
vt 0.33007800579071045 0.5
vt 0.34179699420928955 0.5
vt 0.34179699420928955 0.5
vt 0.33007800579071045 0.5
vt 0.34179699420928955 0.5
vt 0.33398398756980896 0.5
vt 0.33398398756980896 0.5
vt 0.33398398756980896 0.5
vt 0.33398398756980896 0.5
vt 0.33007800579071045 0.5
vt 0.33007800579071045 0.5
vt 0.33007800579071045 0.5
vt 0.34179699420928955 0.5
vt 0.33007800579071045 0.5
vt 0.33007800579071045 0.5
vt 0.33007800579071045 0.5
vt 0.33007800579071045 0.5
vt 0.34179699420928955 0.5
vt 0.33007800579071045 0.5
vt 0.33398398756980896 0.5
vt 0.33398398756980896 0.5
vt 0.33398398756980896 0.5
vt 0.34179699420928955 0.5
vt 0.33398398756980896 0.5
vt 0.33398398756980896 0.5
vt 0.33398398756980896 0.5
vt 0.33398398756980896 0.5
vt 0.34179699420928955 0.5
vt 0.33398398756980896 0.5
vt 0.33007800579071045 0.5
vt 0.33007800579071045 0.5
vt 0.33007800579071045 0.5
vt 0.34179699420928955 0.5
vt 0.33007800579071045 0.5
vt 0.33007800579071045 0.5
vt 0.33007800579071045 0.5
vt 0.33007800579071045 0.5
vt 0.34179699420928955 0.5
vt 0.33007800579071045 0.5
vt 0.33398398756980896 0.5
vt 0.33398398756980896 0.5
vt 0.33398398756980896 0.5
vt 0.34179699420928955 0.5
vt 0.33398398756980896 0.5
vt 0.33398398756980896 0.5
vt 0.33398398756980896 0.5
vt 0.33398398756980896 0.5
vt 0.34179699420928955 0.5
vt 0.33398398756980896 0.5
vt 0.33007800579071045 0.5
vt 0.33007800579071045 0.5
vt 0.33007800579071045 0.5
vt 0.34179699420928955 0.5
vt 0.33007800579071045 0.5
vt 0.33007800579071045 0.5
vt 0.33007800579071045 0.5
vt 0.33007800579071045 0.5
vt 0.34179699420928955 0.5
vt 0.33007800579071045 0.5
vt 0.33398398756980896 0.5
vt 0.33398398756980896 0.5
vt 0.33398398756980896 0.5
vt 0.34179699420928955 0.5
vt 0.33398398756980896 0.5
vt 0.33398398756980896 0.5
vt 0.33398398756980896 0.5
vt 0.33398398756980896 0.5
vt 0.34179699420928955 0.5
vt 0.33398398756980896 0.5
vt 0.33007800579071045 0.5
vt 0.33007800579071045 0.5
vt 0.33007800579071045 0.5
vt 0.34179699420928955 0.5
vt 0.33007800579071045 0.5
vt 0.33398398756980896 0.5
vt 0.33398398756980896 0.5
vt 0.33398398756980896 0.5
vt 0.34179699420928955 0.5
vt 0.33398398756980896 0.5
vt 0.33007800579071045 0.5
vt 0.33007800579071045 0.5
vt 0.33007800579071045 0.5
vt 0.34179699420928955 0.5
vt 0.33007800579071045 0.5
vt 0.33007800579071045 0.5
vt 0.33007800579071045 0.5
vt 0.33007800579071045 0.5
vt 0.34179699420928955 0.5
vt 0.33007800579071045 0.5
vt 0.33398398756980896 0.5
vt 0.33398398756980896 0.5
vt 0.33398398756980896 0.5
vt 0.34179699420928955 0.5
vt 0.33398398756980896 0.5
vt 0.33398398756980896 0.5
vt 0.33398398756980896 0.5
vt 0.33398398756980896 0.5
vt 0.34179699420928955 0.5
vt 0.33398398756980896 0.5
vt 0.33007800579071045 0.5
vt 0.33007800579071045 0.5
vt 0.33007800579071045 0.5
vt 0.34179699420928955 0.5
vt 0.33007800579071045 0.5
vt 0.33007800579071045 0.5
vt 0.33007800579071045 0.5
vt 0.33007800579071045 0.5
vt 0.34179699420928955 0.5
vt 0.33007800579071045 0.5
vt 0.33398398756980896 0.5
vt 0.33398398756980896 0.5
vt 0.33398398756980896 0.5
vt 0.34179699420928955 0.5
vt 0.33398398756980896 0.5
vt 0.33398398756980896 0.5
vt 0.33398398756980896 0.5
vt 0.33398398756980896 0.5
vt 0.34179699420928955 0.5
vt 0.33398398756980896 0.5
vt 0.33007800579071045 0.5
vt 0.33007800579071045 0.5
vt 0.33007800579071045 0.5
vt 0.34179699420928955 0.5
vt 0.33007800579071045 0.5
vt 0.33007800579071045 0.5
vt 0.33007800579071045 0.5
vt 0.33007800579071045 0.5
vt 0.34179699420928955 0.5
vt 0.33007800579071045 0.5
vt 0.34179699420928955 0.5
vt 0.33398398756980896 0.5
vt 0.33398398756980896 0.5
vt 0.33398398756980896 0.5
vt 0.33398398756980896 0.5
vt 0.33398398756980896 0.5
vt 0.33398398756980896 0.5
vt 0.33398398756980896 0.5
vt 0.34179699420928955 0.5
vt 0.33398398756980896 0.5
vt 0.34179699420928955 0.5
vt 0.34179699420928955 0.5
vt 0.33007800579071045 0.5
vt 0.33007800579071045 0.5
vt 0.33007800579071045 0.5
vt 0.34179699420928955 0.5
vt 0.33007800579071045 0.5
vt 0.34179699420928955 0.5
vt 0.34179699420928955 0.5
vt 0.34179699420928955 0.5
vt 0.34179699420928955 0.5
vt 0.34179699420928955 0.5
vt 0.34179699420928955 0.5
vt 0.34179699420928955 0.5
vt 0.33007800579071045 0.5
vt 0.33007800579071045 0.5
vt 0.33007800579071045 0.5
vt 0.33398398756980896 0.5
vt 0.33398398756980896 0.5
vt 0.33398398756980896 0.5
vt 0.33007800579071045 0.5
vt 0.33007800579071045 0.5
vt 0.33007800579071045 0.5
vt 0.33007800579071045 0.5
vt 0.33398398756980896 0.5
vt 0.33398398756980896 0.5
vt 0.33398398756980896 0.5
vt 0.33398398756980896 0.5
vt 0.33007800579071045 0.5
vt 0.33007800579071045 0.5
vt 0.33007800579071045 0.5
vt 0.33007800579071045 0.5
vt 0.33398398756980896 0.5
vt 0.33398398756980896 0.5
vt 0.33398398756980896 0.5
vt 0.33398398756980896 0.5
vt 0.33007800579071045 0.5
vt 0.33398398756980896 0.5
vt 0.38085898756980896 0.5
vt 0.38085898756980896 0.5
vt 0.38085898756980896 0.5
vt 0.38085898756980896 0.5
vt 0.38476601243019104 0.5
vt 0.38476601243019104 0.5
vt 0.38476601243019104 0.5
vt 0.38085898756980896 0.5
vt 0.38085898756980896 0.5
vt 0.38085898756980896 0.5
vt 0.38085898756980896 0.5
vt 0.38476601243019104 0.5
vt 0.38476601243019104 0.5
vt 0.38476601243019104 0.5
vt 0.38476601243019104 0.5
vt 0.38085898756980896 0.5
vt 0.38085898756980896 0.5
vt 0.38085898756980896 0.5
vt 0.38085898756980896 0.5
vt 0.38476601243019104 0.5
vt 0.38476601243019104 0.5
vt 0.38476601243019104 0.5
vt 0.38476601243019104 0.5
vt 0.38085898756980896 0.5
vt 0.38476601243019104 0.5
vt 0.40820300579071045 0.5
vt 0.40820300579071045 0.5
vt 0.40820300579071045 0.5
vt 0.38085898756980896 0.5
vt 0.38867199420928955 0.5
vt 0.38867199420928955 0.5
vt 0.38867199420928955 0.5
vt 0.40820300579071045 0.5
vt 0.38085898756980896 0.5
vt 0.38867199420928955 0.5
vt 0.38085898756980896 0.5
vt 0.38085898756980896 0.5
vt 0.38085898756980896 0.5
vt 0.38085898756980896 0.5
vt 0.38867199420928955 0.5
vt 0.38867199420928955 0.5
vt 0.38085898756980896 0.5
vt 0.38867199420928955 0.5
vt 0.38867199420928955 0.5
vt 0.38867199420928955 0.5
vt 0.38867199420928955 0.5
vt 0.38867199420928955 0.5
vt 0.38867199420928955 0.5
vt 0.40820300579071045 0.5
vt 0.40820300579071045 0.5
vt 0.40820300579071045 0.5
vt 0.38867199420928955 0.5
vt 0.38085898756980896 0.5
vt 0.40820300579071045 0.5
vt 0.38085898756980896 0.5
vt 0.38867199420928955 0.5
vt 0.38476601243019104 0.5
vt 0.38476601243019104 0.5
vt 0.38476601243019104 0.5
vt 0.40820300579071045 0.5
vt 0.40820300579071045 0.5
vt 0.38867199420928955 0.5
vt 0.38867199420928955 0.5
vt 0.40820300579071045 0.5
vt 0.39648398756980896 0.5
vt 0.39648398756980896 0.5
vt 0.39648398756980896 0.5
vt 0.38867199420928955 0.5
vt 0.38867199420928955 0.5
vt 0.39648398756980896 0.5
vt 0.38867199420928955 0.5
vt 0.40820300579071045 0.5
vt 0.40820300579071045 0.5
vt 0.40820300579071045 0.5
vt 0.38867199420928955 0.5
vt 0.38867199420928955 0.5
vt 0.40820300579071045 0.5
vt 0.40820300579071045 0.5
vt 0.40820300579071045 0.5
vt 0.38867199420928955 0.5
vt 0.38867199420928955 0.5
vt 0.38867199420928955 0.5
vt 0.38867199420928955 0.5
vt 0.40820300579071045 0.5
vt 0.38085898756980896 0.5
vt 0.38867199420928955 0.5
vt 0.38476601243019104 0.5
vt 0.38085898756980896 0.5
vt 0.38867199420928955 0.5
vt 0.39648398756980896 0.5
vt 0.39648398756980896 0.5
vt 0.38867199420928955 0.5
vt 0.39648398756980896 0.5
vt 0.38867199420928955 0.5
vt 0.40820300579071045 0.5
vt 0.38867199420928955 0.5
vt 0.40820300579071045 0.5
vt 0.40820300579071045 0.5
vt 0.39648398756980896 0.5
vt 0.39648398756980896 0.5
vt 0.39648398756980896 0.5
vt 0.40820300579071045 0.5
vt 0.40820300579071045 0.5
vt 0.40820300579071045 0.5
vt 0.40820300579071045 0.5
vt 0.39648398756980896 0.5
vt 0.38476601243019104 0.5
vt 0.40820300579071045 0.5
vt 0.38476601243019104 0.5
vt 0.40820300579071045 0.5
vt 0.38867199420928955 0.5
vt 0.40820300579071045 0.5
vt 0.40820300579071045 0.5
vt 0.40820300579071045 0.5
vt 0.39257800579071045 0.5
vt 0.39257800579071045 0.5
vt 0.39257800579071045 0.5
vt 0.40820300579071045 0.5
vt 0.40039101243019104 0.5
vt 0.40039101243019104 0.5
vt 0.40039101243019104 0.5
vt 0.39257800579071045 0.5
vt 0.40039101243019104 0.5
vt 0.39648398756980896 0.5
vt 0.39648398756980896 0.5
vt 0.40039101243019104 0.5
vt 0.38085898756980896 0.5
vt 0.38085898756980896 0.5
vt 0.38085898756980896 0.5
vt 0.39648398756980896 0.5
vt 0.38476601243019104 0.5
vt 0.38085898756980896 0.5
vt 0.38085898756980896 0.5
vt 0.38085898756980896 0.5
vt 0.38867199420928955 0.5
vt 0.38085898756980896 0.5
vt 0.38867199420928955 0.5
vt 0.38867199420928955 0.5
vt 0.40820300579071045 0.5
vt 0.38867199420928955 0.5
vt 0.40820300579071045 0.5
vt 0.39648398756980896 0.5
vt 0.39648398756980896 0.5
vt 0.39648398756980896 0.5
vt 0.40820300579071045 0.5
vt 0.39257800579071045 0.5
vt 0.39648398756980896 0.5
vt 0.40429699420928955 0.5
vt 0.40429699420928955 0.5
vt 0.40429699420928955 0.5
vt 0.39257800579071045 0.5
vt 0.40039101243019104 0.5
vt 0.40429699420928955 0.5
vt 0.40820300579071045 0.5
vt 0.40820300579071045 0.5
vt 0.40820300579071045 0.5
vt 0.40039101243019104 0.5
vt 0.38085898756980896 0.5
vt 0.40820300579071045 0.5
vt 0.38476601243019104 0.5
vt 0.38867199420928955 0.5
vt 0.38867199420928955 0.5
vt 0.40820300579071045 0.5
vt 0.40820300579071045 0.5
vt 0.40820300579071045 0.5
vt 0.38867199420928955 0.5
vt 0.38867199420928955 0.5
vt 0.38867199420928955 0.5
vt 0.40820300579071045 0.5
vt 0.40820300579071045 0.5
vt 0.40820300579071045 0.5
vt 0.38867199420928955 0.5
vt 0.40429699420928955 0.5
vt 0.40429699420928955 0.5
vt 0.40820300579071045 0.5
vt 0.39648398756980896 0.5
vt 0.39648398756980896 0.5
vt 0.39648398756980896 0.5
vt 0.40429699420928955 0.5
vt 0.39648398756980896 0.5
vt 0.38085898756980896 0.5
vt 0.38085898756980896 0.5
vt 0.39648398756980896 0.5
vt 0.38085898756980896 0.5
vt 0.38085898756980896 0.5
vt 0.38476601243019104 0.5
vt 0.38085898756980896 0.5
vt 0.38085898756980896 0.5
vt 0.38085898756980896 0.5
vt 0.38476601243019104 0.5
vt 0.38085898756980896 0.5
vt 0.38085898756980896 0.5
vt 0.38085898756980896 0.5
vt 0.38085898756980896 0.5
vt 0.38476601243019104 0.5
vt 0.38476601243019104 0.5
vt 0.38476601243019104 0.5
vt 0.38085898756980896 0.5
vt 0.38476601243019104 0.5
vt 0.34960898756980896 0.5
vt 0.34960898756980896 0.5
vt 0.34960898756980896 0.5
vt 0.34960898756980896 0.5
vt 0.34960898756980896 0.5
vt 0.34960898756980896 0.5
vt 0.37695300579071045 0.5
vt 0.37695300579071045 0.5
vt 0.37695300579071045 0.5
vt 0.34960898756980896 0.5
vt 0.37695300579071045 0.5
vt 0.35742199420928955 0.5
vt 0.35742199420928955 0.5
vt 0.35742199420928955 0.5
vt 0.35742199420928955 0.5
vt 0.35742199420928955 0.5
vt 0.35742199420928955 0.5
vt 0.36132800579071045 0.5
vt 0.36132800579071045 0.5
vt 0.36132800579071045 0.5
vt 0.36132800579071045 0.5
vt 0.36132800579071045 0.5
vt 0.36132800579071045 0.5
vt 0.37304699420928955 0.5
vt 0.37304699420928955 0.5
vt 0.37304699420928955 0.5
vt 0.36132800579071045 0.5
vt 0.35742199420928955 0.5
vt 0.37304699420928955 0.5
vt 0.34960898756980896 0.5
vt 0.35742199420928955 0.5
vt 0.34960898756980896 0.5
vt 0.34960898756980896 0.5
vt 0.37695300579071045 0.5
vt 0.34960898756980896 0.5
vt 0.35742199420928955 0.5
vt 0.37695300579071045 0.5
vt 0.37304699420928955 0.5
vt 0.37304699420928955 0.5
vt 0.37304699420928955 0.5
vt 0.35742199420928955 0.5
vt 0.36132800579071045 0.5
vt 0.37304699420928955 0.5
vt 0.35351601243019104 0.5
vt 0.35351601243019104 0.5
vt 0.35351601243019104 0.5
vt 0.36132800579071045 0.5
vt 0.36132800579071045 0.5
vt 0.35351601243019104 0.5
vt 0.36132800579071045 0.5
vt 0.36914101243019104 0.5
vt 0.36914101243019104 0.5
vt 0.36914101243019104 0.5
vt 0.36132800579071045 0.5
vt 0.36914101243019104 0.5
vt 0.37304699420928955 0.5
vt 0.37304699420928955 0.5
vt 0.37304699420928955 0.5
vt 0.37695300579071045 0.5
vt 0.37304699420928955 0.5
vt 0.37304699420928955 0.5
vt 0.37304699420928955 0.5
vt 0.37695300579071045 0.5
vt 0.37304699420928955 0.5
vt 0.37304699420928955 0.5
vt 0.37304699420928955 0.5
vt 0.36914101243019104 0.5
vt 0.36914101243019104 0.5
vt 0.36914101243019104 0.5
vt 0.37304699420928955 0.5
vt 0.36523398756980896 0.5
vt 0.36523398756980896 0.5
vt 0.36523398756980896 0.5
vt 0.36914101243019104 0.5
vt 0.36523398756980896 0.5
vt 0.36914101243019104 0.5
vt 0.36523398756980896 0.5
vt 0.37304699420928955 0.5
vt 0.37304699420928955 0.5
vt 0.36914101243019104 0.5
vt 0.37304699420928955 0.5
vt 0.37304699420928955 0.5
vt 0.37304699420928955 0.5
vt 0.34960898756980896 0.5
vt 0.34960898756980896 0.5
vt 0.34960898756980896 0.5
vt 0.34960898756980896 0.5
vt 0.35742199420928955 0.5
vt 0.35742199420928955 0.5
vt 0.35742199420928955 0.5
vt 0.34960898756980896 0.5
vt 0.36132800579071045 0.5
vt 0.36132800579071045 0.5
vt 0.36132800579071045 0.5
vt 0.36132800579071045 0.5
vt 0.36132800579071045 0.5
vt 0.36132800579071045 0.5
vt 0.36132800579071045 0.5
vt 0.36132800579071045 0.5
vt 0.35742199420928955 0.5
vt 0.35742199420928955 0.5
vt 0.35742199420928955 0.5
vt 0.36132800579071045 0.5
vt 0.37695300579071045 0.5
vt 0.37695300579071045 0.5
vt 0.37695300579071045 0.5
vt 0.37695300579071045 0.5
vt 0.37304699420928955 0.5
vt 0.37304699420928955 0.5
vt 0.37304699420928955 0.5
vt 0.35351601243019104 0.5
vt 0.35351601243019104 0.5
vt 0.35351601243019104 0.5
vt 0.36914101243019104 0.5
vt 0.36914101243019104 0.5
vt 0.36914101243019104 0.5
vt 0.37304699420928955 0.5
vt 0.36914101243019104 0.5
vt 0.35742199420928955 0.5
vt 0.36914101243019104 0.5
vt 0.37695300579071045 0.5
vt 0.37695300579071045 0.5
vt 0.37695300579071045 0.5
vt 0.35742199420928955 0.5
vt 0.37695300579071045 0.5
vt 0.36132800579071045 0.5
vt 0.36132800579071045 0.5
vt 0.36914101243019104 0.5
vt 0.35351601243019104 0.5
vt 0.36914101243019104 0.5
vt 0.36914101243019104 0.5
vt 0.36523398756980896 0.5
vt 0.36523398756980896 0.5
vt 0.36523398756980896 0.5
vt 0.36914101243019104 0.5
vt 0.35742199420928955 0.5
vt 0.36523398756980896 0.5
vt 0.35351601243019104 0.5
vt 0.35351601243019104 0.5
vt 0.35351601243019104 0.5
vt 0.36132800579071045 0.5
vt 0.36132800579071045 0.5
vt 0.35351601243019104 0.5
vt 0.35351601243019104 0.5
vt 0.36132800579071045 0.5
vt 0.37304699420928955 0.5
vt 0.37304699420928955 0.5
vt 0.37304699420928955 0.5
vt 0.35351601243019104 0.5
vt 0.35742199420928955 0.5
vt 0.37695300579071045 0.5
vt 0.36132800579071045 0.5
vt 0.35742199420928955 0.5
vt 0.36132800579071045 0.5
vt 0.36132800579071045 0.5
vt 0.36132800579071045 0.5
vt 0.36132800579071045 0.5
vt 0.37304699420928955 0.5
vt 0.36132800579071045 0.5
vt 0.37304699420928955 0.5
vt 0.37304699420928955 0.5
vt 0.37304699420928955 0.5
vt 0.36132800579071045 0.5
vt 0.35351601243019104 0.5
vt 0.35351601243019104 0.5
vt 0.35351601243019104 0.5
vt 0.36132800579071045 0.5
vt 0.36132800579071045 0.5
vt 0.35351601243019104 0.5
vt 0.36132800579071045 0.5
vt 0.36914101243019104 0.5
vt 0.36914101243019104 0.5
vt 0.36914101243019104 0.5
vt 0.36132800579071045 0.5
vt 0.37304699420928955 0.5
vt 0.37304699420928955 0.5
vt 0.37695300579071045 0.5
vt 0.37304699420928955 0.5
vt 0.37304699420928955 0.5
vt 0.36914101243019104 0.5
vt 0.36914101243019104 0.5
vt 0.37304699420928955 0.5
vt 0.36914101243019104 0.5
vt 0.37304699420928955 0.5
vt 0.36914101243019104 0.5
vt 0.37304699420928955 0.5
vt 0.36914101243019104 0.5
vt 0.35742199420928955 0.5
vt 0.36914101243019104 0.5
vt 0.35742199420928955 0.5
vt 0.35742199420928955 0.5
vt 0.35742199420928955 0.5
vt 0.37695300579071045 0.5
vt 0.35742199420928955 0.5
vt 0.35742199420928955 0.5
vt 0.35742199420928955 0.5
vt 0.34960898756980896 0.5
vt 0.34960898756980896 0.5
vt 0.34960898756980896 0.5
vt 0.37695300579071045 0.5
vt 0.34960898756980896 0.5
vt 0.34960898756980896 0.5
vt 0.34960898756980896 0.5
vt 0.37695300579071045 0.5
vt 0.37695300579071045 0.5
vt 0.37695300579071045 0.5
vt 0.34960898756980896 0.5
vt 0.37695300579071045 0.5
vt 0.34960898756980896 0.5
vt 0.34960898756980896 0.5
vt 0.37695300579071045 0.5
vt 0.34960898756980896 0.5
vt 0.34960898756980896 0.5
vt 0.34960898756980896 0.5
vt 0.37695300579071045 0.5
vt 0.34960898756980896 0.5
vn -1 0 0
vn -1 0 0
vn -1 0 0
vn -1 0 0
vn -1 0 0
vn -1 0 0
vn -1 0 0
vn -1 0 0
vn -1 0 0
vn -1 0 0
vn -1 0 0
vn -1 0 0
vn -1 0 0
vn -1 0 0
vn -1 0 0
vn -1 0 0
vn -1 0 0
vn -1 0 0
vn -1 0 0
vn -1 0 0
vn -1 0 0
vn -1 0 0
vn -1 0 0
vn -1 0 0
vn -1 0 0
vn -1 0 0
vn -1 0 0
vn -1 0 0
vn -1 0 0
vn -1 0 0
vn -1 0 0
vn -1 0 0
vn -1 0 0
vn -1 0 0
vn -1 0 0
vn -1 0 0
vn -1 0 0
vn -1 0 0
vn -1 0 0
vn -1 0 0
vn -1 0 0
vn -1 0 0
vn -1 0 0
vn -1 0 0
vn -1 0 0
vn -1 0 0
vn -1 0 0
vn -1 0 0
vn -1 0 0
vn -1 0 0
vn -1 0 0
vn -1 0 0
vn -1 0 0
vn -1 0 0
vn -1 0 0
vn -1 0 0
vn -1 0 0
vn -1 0 0
vn -1 0 0
vn -1 0 0
vn -1 0 0
vn -1 0 0
vn -1 0 0
vn -1 0 0
vn -1 0 0
vn -1 0 0
vn -1 0 0
vn -1 0 0
vn -1 0 0
vn -1 0 0
vn -1 0 0
vn -1 0 0
vn -1 0 0
vn -1 0 0
vn -1 0 0
vn -1 0 0
vn -1 0 0
vn -1 0 0
vn -1 0 0
vn -1 0 0
vn -1 0 0
vn -1 0 0
vn -1 0 0
vn -1 0 0
vn -1 0 0
vn -1 0 0
vn -1 0 0
vn -1 0 0
vn -1 0 0
vn -1 0 0
vn -1 0 0
vn -1 0 0
vn -1 0 0
vn -1 0 0
vn -1 0 0
vn -1 0 0
vn -1 0 0
vn -1 0 0
vn -1 0 0
vn -1 0 0
vn -1 0 0
vn -1 0 0
vn -1 0 0
vn -1 0 0
vn -1 0 0
vn -1 0 0
vn -1 0 0
vn -1 0 0
vn -1 0 0
vn -1 0 0
vn -1 0 0
vn -1 0 0
vn -1 0 0
vn -1 0 0
vn -1 0 0
vn -1 0 0
vn -1 0 0
vn -1 0 0
vn -1 0 0
vn -1 0 0
vn -1 0 0
vn -1 0 0
vn -1 0 0
vn -1 0 0
vn -1 0 0
vn -1 0 0
vn -1 0 0
vn -1 0 0
vn -1 0 0
vn -1 0 0
vn -1 0 0
vn -1 0 0
vn -1 0 0
vn -1 0 0
vn -1 0 0
vn -1 0 0
vn -1 0 0
vn -1 0 0
vn -1 0 0
vn -1 0 0
vn -1 0 0
vn -1 0 0
vn -1 0 0
vn -1 0 0
vn -1 0 0
vn -1 0 0
vn -1 0 0
vn -1 0 0
vn -1 0 0
vn -1 0 0
vn -1 0 0
vn -1 0 0
vn -1 0 0
vn -1 0 0
vn -1 0 0
vn -1 0 0
vn -1 0 0
vn -1 0 0
vn -1 0 0
vn -1 0 0
vn -1 0 0
vn -1 0 0
vn -1 0 0
vn -1 0 0
vn -1 0 0
vn -1 0 0
vn -1 0 0
vn -1 0 0
vn -1 0 0
vn -1 0 0
vn -1 0 0
vn -1 0 0
vn -1 0 0
vn -1 0 0
vn -1 0 0
vn -1 0 0
vn -1 0 0
vn -1 0 0
vn -1 0 0
vn -1 0 0
vn -1 0 0
vn -1 0 0
vn -1 0 0
vn -1 0 0
vn -1 0 0
vn -1 0 0
vn -1 0 0
vn -1 0 0
vn -1 0 0
vn -1 0 0
vn -1 0 0
vn -1 0 0
vn -1 0 0
vn -1 0 0
vn -1 0 0
vn -1 0 0
vn -1 0 0
vn -1 0 0
vn -1 0 0
vn -1 0 0
vn -1 0 0
vn -1 0 0
vn -1 0 0
vn -1 0 0
vn -1 0 0
vn -1 0 0
vn -1 0 0
vn -1 0 0
vn -1 0 0
vn -1 0 0
vn -1 0 0
vn -1 0 0
vn -1 0 0
vn -1 0 0
vn -1 0 0
vn -1 0 0
vn -1 0 0
vn -1 0 0
vn -1 0 0
vn -1 0 0
vn -1 0 0
vn -1 0 0
vn -1 0 0
vn -1 0 0
vn -1 0 0
vn -1 0 0
vn -1 0 0
vn -1 0 0
vn -1 0 0
vn -1 0 0
vn -1 0 0
vn -1 0 0
vn -1 0 0
vn -1 0 0
vn -1 0 0
vn -1 0 0
vn -1 0 0
vn -1 0 0
vn -1 0 0
vn -1 0 0
vn -1 0 0
vn -1 0 0
vn -1 0 0
vn -1 0 0
vn -1 0 0
vn -1 0 0
vn -1 0 0
vn -1 0 0
vn -1 0 0
vn -1 0 0
vn -1 0 0
vn -1 0 0
vn -1 0 0
vn -1 0 0
vn -1 0 0
vn -1 0 0
vn -1 0 0
vn -1 0 0
vn -1 0 0
vn -1 0 0
vn -1 0 0
vn -1 0 0
vn -1 0 0
vn -1 0 0
vn -1 0 0
vn -1 0 0
vn -1 0 0
vn -1 0 0
vn -1 0 0
vn -1 0 0
vn -1 0 0
vn -1 0 0
vn -1 0 0
vn -1 0 0
vn -1 0 0
vn -1 0 0
vn -1 0 0
vn -1 0 0
vn -1 0 0
vn -1 0 0
vn -1 0 0
vn -1 0 0
vn -1 0 0
vn -1 0 0
vn -1 0 0
vn -1 0 0
vn -1 0 0
vn -1 0 0
vn -1 0 0
vn -1 0 0
vn -1 0 0
vn -1 0 0
vn -1 0 0
vn -1 0 0
vn -1 0 0
vn -1 0 0
vn -1 0 0
vn -1 0 0
vn -1 0 0
vn -1 0 0
vn -1 0 0
vn -1 0 0
vn -1 0 0
vn -1 0 0
vn -1 0 0
vn -1 0 0
vn -1 0 0
vn -1 0 0
vn -1 0 0
vn -1 0 0
vn -1 0 0
vn -1 0 0
vn -1 0 0
vn -1 0 0
vn -1 0 0
vn -1 0 0
vn -1 0 0
vn -1 0 0
vn -1 0 0
vn -1 0 0
vn -1 0 0
vn -1 0 0
vn -1 0 0
vn -1 0 0
vn -1 0 0
vn -1 0 0
vn -1 0 0
vn -1 0 0
vn -1 0 0
vn -1 0 0
vn -1 0 0
vn -1 0 0
vn -1 0 0
vn -1 0 0
vn -1 0 0
vn -1 0 0
vn -1 0 0
vn -1 0 0
vn -1 0 0
vn -1 0 0
vn -1 0 0
vn -1 0 0
vn -1 0 0
vn -1 0 0
vn -1 0 0
vn -1 0 0
vn -1 0 0
vn -1 0 0
vn -1 0 0
vn -1 0 0
vn -1 0 0
vn -1 0 0
vn -1 0 0
vn -1 0 0
vn -1 0 0
vn -1 0 0
vn -1 0 0
vn -1 0 0
vn -1 0 0
vn -1 0 0
vn -1 0 0
vn -1 0 0
vn -1 0 0
vn -1 0 0
vn -1 0 0
vn -1 0 0
vn -1 0 0
vn -1 0 0
vn -1 0 0
vn -1 0 0
vn -1 0 0
vn -1 0 0
vn -1 0 0
vn -1 0 0
vn -1 0 0
vn -1 0 0
vn -1 0 0
vn -1 0 0
vn -1 0 0
vn -1 0 0
vn -1 0 0
vn -1 0 0
vn -1 0 0
vn -1 0 0
vn -1 0 0
vn -1 0 0
vn -1 0 0
vn -1 0 0
vn -1 0 0
vn -1 0 0
vn -1 0 0
vn -1 0 0
vn -1 0 0
vn -1 0 0
vn -1 0 0
vn -1 0 0
vn -1 0 0
vn -1 0 0
vn -1 0 0
vn -1 0 0
vn -1 0 0
vn -1 0 0
vn -1 0 0
vn -1 0 0
vn -1 0 0
vn 1 0 0
vn 1 0 0
vn 1 0 0
vn 1 0 0
vn 1 0 0
vn 1 0 0
vn 1 0 0
vn 1 0 0
vn 1 0 0
vn 1 0 0
vn 1 0 0
vn 1 0 0
vn 1 0 0
vn 1 0 0
vn 1 0 0
vn 1 0 0
vn 1 0 0
vn 1 0 0
vn 1 0 0
vn 1 0 0
vn 1 0 0
vn 1 0 0
vn 1 0 0
vn 1 0 0
vn 1 0 0
vn 1 0 0
vn 1 0 0
vn 1 0 0
vn 1 0 0
vn 1 0 0
vn 1 0 0
vn 1 0 0
vn 1 0 0
vn 1 0 0
vn 1 0 0
vn 1 0 0
vn 1 0 0
vn 1 0 0
vn 1 0 0
vn 1 0 0
vn 1 0 0
vn 1 0 0
vn 1 0 0
vn 1 0 0
vn 1 0 0
vn 1 0 0
vn 1 0 0
vn 1 0 0
vn 1 0 0
vn 1 0 0
vn 1 0 0
vn 1 0 0
vn 1 0 0
vn 1 0 0
vn 1 0 0
vn 1 0 0
vn 1 0 0
vn 1 0 0
vn 1 0 0
vn 1 0 0
vn 1 0 0
vn 1 0 0
vn 1 0 0
vn 1 0 0
vn 1 0 0
vn 1 0 0
vn 1 0 0
vn 1 0 0
vn 1 0 0
vn 1 0 0
vn 1 0 0
vn 1 0 0
vn 1 0 0
vn 1 0 0
vn 1 0 0
vn 1 0 0
vn 1 0 0
vn 1 0 0
vn 1 0 0
vn 1 0 0
vn 1 0 0
vn 1 0 0
vn 1 0 0
vn 1 0 0
vn 1 0 0
vn 1 0 0
vn 1 0 0
vn 1 0 0
vn 1 0 0
vn 1 0 0
vn 1 0 0
vn 1 0 0
vn 1 0 0
vn 1 0 0
vn 1 0 0
vn 1 0 0
vn 1 0 0
vn 1 0 0
vn 1 0 0
vn 1 0 0
vn 1 0 0
vn 1 0 0
vn 1 0 0
vn 1 0 0
vn 1 0 0
vn 1 0 0
vn 1 0 0
vn 1 0 0
vn 1 0 0
vn 1 0 0
vn 1 0 0
vn 1 0 0
vn 1 0 0
vn 1 0 0
vn 1 0 0
vn 1 0 0
vn 1 0 0
vn 1 0 0
vn 1 0 0
vn 1 0 0
vn 1 0 0
vn 1 0 0
vn 1 0 0
vn 1 0 0
vn 1 0 0
vn 1 0 0
vn 1 0 0
vn 1 0 0
vn 1 0 0
vn 1 0 0
vn 1 0 0
vn 1 0 0
vn 1 0 0
vn 1 0 0
vn 1 0 0
vn 1 0 0
vn 1 0 0
vn 1 0 0
vn 1 0 0
vn 1 0 0
vn 1 0 0
vn 1 0 0
vn 1 0 0
vn 1 0 0
vn 1 0 0
vn 1 0 0
vn 1 0 0
vn 1 0 0
vn 1 0 0
vn 1 0 0
vn 1 0 0
vn 1 0 0
vn 1 0 0
vn 1 0 0
vn 1 0 0
vn 1 0 0
vn 1 0 0
vn 1 0 0
vn 1 0 0
vn 1 0 0
vn 1 0 0
vn 1 0 0
vn 1 0 0
vn 1 0 0
vn 1 0 0
vn 1 0 0
vn 1 0 0
vn 1 0 0
vn 1 0 0
vn 1 0 0
vn 1 0 0
vn 1 0 0
vn 1 0 0
vn 1 0 0
vn 1 0 0
vn 1 0 0
vn 1 0 0
vn 1 0 0
vn 1 0 0
vn 1 0 0
vn 1 0 0
vn 1 0 0
vn 1 0 0
vn 1 0 0
vn 1 0 0
vn 1 0 0
vn 1 0 0
vn 1 0 0
vn 1 0 0
vn 1 0 0
vn 1 0 0
vn 1 0 0
vn 1 0 0
vn 1 0 0
vn 1 0 0
vn 1 0 0
vn 1 0 0
vn 1 0 0
vn 1 0 0
vn 1 0 0
vn 1 0 0
vn 1 0 0
vn 1 0 0
vn 1 0 0
vn 1 0 0
vn 1 0 0
vn 1 0 0
vn 1 0 0
vn 1 0 0
vn 1 0 0
vn 1 0 0
vn 1 0 0
vn 1 0 0
vn 1 0 0
vn 1 0 0
vn 1 0 0
vn 1 0 0
vn 1 0 0
vn 1 0 0
vn 1 0 0
vn 1 0 0
vn 1 0 0
vn 1 0 0
vn 1 0 0
vn 1 0 0
vn 1 0 0
vn 1 0 0
vn 1 0 0
vn 1 0 0
vn 1 0 0
vn 1 0 0
vn 1 0 0
vn 1 0 0
vn 1 0 0
vn 1 0 0
vn 1 0 0
vn 1 0 0
vn 1 0 0
vn 1 0 0
vn 1 0 0
vn 1 0 0
vn 1 0 0
vn 1 0 0
vn 1 0 0
vn 1 0 0
vn 1 0 0
vn 1 0 0
vn 1 0 0
vn 1 0 0
vn 1 0 0
vn 1 0 0
vn 1 0 0
vn 1 0 0
vn 1 0 0
vn 1 0 0
vn 1 0 0
vn 1 0 0
vn 1 0 0
vn 1 0 0
vn 1 0 0
vn 1 0 0
vn 1 0 0
vn 1 0 0
vn 1 0 0
vn 1 0 0
vn 1 0 0
vn 1 0 0
vn 1 0 0
vn 1 0 0
vn 1 0 0
vn 1 0 0
vn 1 0 0
vn 1 0 0
vn 1 0 0
vn 1 0 0
vn 1 0 0
vn 1 0 0
vn 1 0 0
vn 1 0 0
vn 1 0 0
vn 1 0 0
vn 1 0 0
vn 1 0 0
vn 1 0 0
vn 1 0 0
vn 1 0 0
vn 1 0 0
vn 1 0 0
vn 1 0 0
vn 1 0 0
vn 1 0 0
vn 1 0 0
vn 1 0 0
vn 1 0 0
vn 1 0 0
vn 1 0 0
vn 1 0 0
vn 1 0 0
vn 1 0 0
vn 1 0 0
vn 1 0 0
vn 1 0 0
vn 1 0 0
vn 1 0 0
vn 1 0 0
vn 1 0 0
vn 1 0 0
vn 1 0 0
vn 1 0 0
vn 1 0 0
vn 1 0 0
vn 1 0 0
vn 1 0 0
vn 1 0 0
vn 1 0 0
vn 1 0 0
vn 1 0 0
vn 1 0 0
vn 1 0 0
vn 1 0 0
vn 1 0 0
vn 1 0 0
vn 1 0 0
vn 1 0 0
vn 1 0 0
vn 1 0 0
vn 1 0 0
vn 1 0 0
vn 1 0 0
vn 1 0 0
vn 1 0 0
vn 1 0 0
vn 1 0 0
vn 1 0 0
vn 1 0 0
vn 1 0 0
vn 1 0 0
vn 1 0 0
vn 1 0 0
vn 1 0 0
vn 1 0 0
vn 1 0 0
vn 1 0 0
vn 1 0 0
vn 1 0 0
vn 1 0 0
vn 1 0 0
vn 1 0 0
vn 1 0 0
vn 1 0 0
vn 1 0 0
vn 1 0 0
vn 1 0 0
vn 1 0 0
vn 1 0 0
vn 1 0 0
vn 1 0 0
vn 1 0 0
vn 1 0 0
vn 1 0 0
vn 1 0 0
vn 1 0 0
vn 1 0 0
vn 1 0 0
vn 1 0 0
vn 1 0 0
vn 1 0 0
vn 1 0 0
vn 1 0 0
vn 1 0 0
vn 1 0 0
vn 1 0 0
vn 1 0 0
vn 1 0 0
vn 1 0 0
vn 1 0 0
vn 1 0 0
vn 1 0 0
vn 1 0 0
vn 1 0 0
vn 1 0 0
vn 1 0 0
vn 1 0 0
vn 1 0 0
vn 1 0 0
vn 1 0 0
vn 1 0 0
vn 1 0 0
vn 1 0 0
vn 1 0 0
vn 1 0 0
vn 1 0 0
vn 1 0 0
vn 1 0 0
vn 1 0 0
vn 1 0 0
vn 1 0 0
vn 1 0 0
vn 1 0 0
vn 1 0 0
vn 1 0 0
vn 1 0 0
vn 1 0 0
vn 1 0 0
vn 1 0 0
vn 1 0 0
vn 1 0 0
vn 1 0 0
vn 1 0 0
vn 1 0 0
vn 1 0 0
vn 1 0 0
vn 1 0 0
vn 1 0 0
vn 1 0 0
vn 1 0 0
vn 1 0 0
vn 1 0 0
vn 1 0 0
vn 1 0 0
vn 1 0 0
vn 1 0 0
vn 1 0 0
vn 1 0 0
vn 1 0 0
vn 1 0 0
vn 1 0 0
vn 1 0 0
vn 1 0 0
vn 1 0 0
vn 1 0 0
vn 1 0 0
vn 1 0 0
vn 0 -2.220446049250313e-16 1
vn 0 -2.220446049250313e-16 1
vn 0 -2.220446049250313e-16 1
vn 0 -2.220446049250313e-16 1
vn 0 -2.220446049250313e-16 1
vn 0 -2.220446049250313e-16 1
vn 0 -2.220446049250313e-16 1
vn 0 -2.220446049250313e-16 1
vn 0 -2.220446049250313e-16 1
vn 0 -2.220446049250313e-16 1
vn 0 -2.220446049250313e-16 1
vn 0 -2.220446049250313e-16 1
vn 0 -2.220446049250313e-16 1
vn 0 -2.220446049250313e-16 1
vn 0 -2.220446049250313e-16 1
vn 0 -2.220446049250313e-16 1
vn 0 -2.220446049250313e-16 1
vn 0 -2.220446049250313e-16 1
vn 0 -2.220446049250313e-16 1
vn 0 -2.220446049250313e-16 1
vn 0 -2.220446049250313e-16 1
vn 0 -2.220446049250313e-16 1
vn 0 -2.220446049250313e-16 1
vn 0 -2.220446049250313e-16 1
vn 0 -2.220446049250313e-16 1
vn 0 -2.220446049250313e-16 1
vn 0 -2.220446049250313e-16 1
vn 0 -2.220446049250313e-16 1
vn 0 -2.220446049250313e-16 1
vn 0 -2.220446049250313e-16 1
vn 0 -2.220446049250313e-16 1
vn 0 -2.220446049250313e-16 1
vn 0 -2.220446049250313e-16 1
vn 0 -2.220446049250313e-16 1
vn 0 -2.220446049250313e-16 1
vn 0 -2.220446049250313e-16 1
vn 0 -2.220446049250313e-16 1
vn 0 -2.220446049250313e-16 1
vn 0 -2.220446049250313e-16 1
vn 0 -2.220446049250313e-16 1
vn 0 -2.220446049250313e-16 1
vn 0 -2.220446049250313e-16 1
vn 0 -2.220446049250313e-16 1
vn 0 -2.220446049250313e-16 1
vn 0 -2.220446049250313e-16 1
vn 0 -2.220446049250313e-16 1
vn 0 -2.220446049250313e-16 1
vn 0 -2.220446049250313e-16 1
vn 0 -2.220446049250313e-16 1
vn 0 -2.220446049250313e-16 1
vn 0 -2.220446049250313e-16 1
vn 0 -2.220446049250313e-16 1
vn 0 -2.220446049250313e-16 1
vn 0 -2.220446049250313e-16 1
vn 0 -2.220446049250313e-16 1
vn 0 -2.220446049250313e-16 1
vn 0 -2.220446049250313e-16 1
vn 0 -2.220446049250313e-16 1
vn 0 -2.220446049250313e-16 1
vn 0 -2.220446049250313e-16 1
vn 0 -2.220446049250313e-16 1
vn 0 -2.220446049250313e-16 1
vn 0 -2.220446049250313e-16 1
vn 0 -2.220446049250313e-16 1
vn 0 -2.220446049250313e-16 1
vn 0 -2.220446049250313e-16 1
vn 0 -2.220446049250313e-16 1
vn 0 -2.220446049250313e-16 1
vn 0 -2.220446049250313e-16 1
vn 0 -2.220446049250313e-16 1
vn 0 -2.220446049250313e-16 1
vn 0 -2.220446049250313e-16 1
vn 0 -2.220446049250313e-16 1
vn 0 -2.220446049250313e-16 1
vn 0 -2.220446049250313e-16 1
vn 0 -2.220446049250313e-16 1
vn 0 -2.220446049250313e-16 1
vn 0 -2.220446049250313e-16 1
vn 0 -2.220446049250313e-16 1
vn 0 -2.220446049250313e-16 1
vn 0 -2.220446049250313e-16 1
vn 0 -2.220446049250313e-16 1
vn 0 -2.220446049250313e-16 1
vn 0 -2.220446049250313e-16 1
vn 0 -2.220446049250313e-16 1
vn 0 -2.220446049250313e-16 1
vn 0 -2.220446049250313e-16 1
vn 0 -2.220446049250313e-16 1
vn 0 -2.220446049250313e-16 1
vn 0 -2.220446049250313e-16 1
vn 0 -2.220446049250313e-16 1
vn 0 -2.220446049250313e-16 1
vn 0 -2.220446049250313e-16 1
vn 0 -2.220446049250313e-16 1
vn 0 -2.220446049250313e-16 1
vn 0 -2.220446049250313e-16 1
vn 0 -2.220446049250313e-16 1
vn 0 -2.220446049250313e-16 1
vn 0 -2.220446049250313e-16 1
vn 0 -2.220446049250313e-16 1
vn 0 -2.220446049250313e-16 1
vn 0 -2.220446049250313e-16 1
vn 0 -2.220446049250313e-16 1
vn 0 -2.220446049250313e-16 1
vn 0 -2.220446049250313e-16 1
vn 0 -2.220446049250313e-16 1
vn 0 -2.220446049250313e-16 1
vn 0 -2.220446049250313e-16 1
vn 0 -2.220446049250313e-16 1
vn 0 -2.220446049250313e-16 1
vn 0 -2.220446049250313e-16 1
vn 0 -2.220446049250313e-16 1
vn 0 -2.220446049250313e-16 1
vn 0 -2.220446049250313e-16 1
vn 0 -2.220446049250313e-16 1
vn 0 -2.220446049250313e-16 1
vn 0 -2.220446049250313e-16 1
vn 0 -2.220446049250313e-16 1
vn 0 -2.220446049250313e-16 1
vn 0 -2.220446049250313e-16 1
vn 0 -2.220446049250313e-16 1
vn 0 -2.220446049250313e-16 1
vn 0 -2.220446049250313e-16 1
vn 0 -2.220446049250313e-16 1
vn 0 -2.220446049250313e-16 1
vn 0 -2.220446049250313e-16 1
vn 0 -2.220446049250313e-16 1
vn 0 -2.220446049250313e-16 1
vn 0 -2.220446049250313e-16 1
vn 0 -2.220446049250313e-16 1
vn 0 -2.220446049250313e-16 1
vn 0 -2.220446049250313e-16 1
vn 0 -2.220446049250313e-16 1
vn 0 -2.220446049250313e-16 1
vn 0 -2.220446049250313e-16 1
vn 0 -2.220446049250313e-16 1
vn 0 -2.220446049250313e-16 1
vn 0 -2.220446049250313e-16 1
vn 0 -2.220446049250313e-16 1
vn 0 -2.220446049250313e-16 1
vn 0 -2.220446049250313e-16 1
vn 0 -2.220446049250313e-16 1
vn 0 -2.220446049250313e-16 1
vn 0 -2.220446049250313e-16 1
vn 0 -2.220446049250313e-16 1
vn 0 -2.220446049250313e-16 1
vn 0 -2.220446049250313e-16 1
vn 0 -2.220446049250313e-16 1
vn 0 -2.220446049250313e-16 1
vn 0 -2.220446049250313e-16 1
vn 0 -2.220446049250313e-16 1
vn 0 -2.220446049250313e-16 1
vn 0 -2.220446049250313e-16 1
vn 0 -2.220446049250313e-16 1
vn 0 -2.220446049250313e-16 1
vn 0 -2.220446049250313e-16 1
vn 0 -2.220446049250313e-16 1
vn 0 -2.220446049250313e-16 1
vn 0 -2.220446049250313e-16 1
vn 0 -2.220446049250313e-16 1
vn 0 -2.220446049250313e-16 1
vn 0 -2.220446049250313e-16 1
vn 0 -2.220446049250313e-16 1
vn 0 -2.220446049250313e-16 1
vn 0 -2.220446049250313e-16 1
vn 0 -2.220446049250313e-16 1
vn 0 -2.220446049250313e-16 1
vn 0 -2.220446049250313e-16 1
vn 0 -2.220446049250313e-16 1
vn 0 -2.220446049250313e-16 1
vn 0 -2.220446049250313e-16 1
vn 0 -2.220446049250313e-16 1
vn 0 -2.220446049250313e-16 1
vn 0 -2.220446049250313e-16 1
vn 0 -2.220446049250313e-16 1
vn 0 -2.220446049250313e-16 1
vn 0 -2.220446049250313e-16 1
vn 0 -2.220446049250313e-16 1
vn 0 -2.220446049250313e-16 1
vn 0 -2.220446049250313e-16 1
vn 0 -2.220446049250313e-16 1
vn 0 -2.220446049250313e-16 1
vn 0 -2.220446049250313e-16 1
vn 0 -2.220446049250313e-16 1
vn 0 -2.220446049250313e-16 1
vn 0 -2.220446049250313e-16 1
vn 0 -2.220446049250313e-16 1
vn 0 -2.220446049250313e-16 1
vn 0 -2.220446049250313e-16 1
vn 0 -2.220446049250313e-16 1
vn 0 -2.220446049250313e-16 1
vn 0 -2.220446049250313e-16 1
vn 0 -2.220446049250313e-16 1
vn 0 -2.220446049250313e-16 1
vn 0 -2.220446049250313e-16 1
vn 0 -2.220446049250313e-16 1
vn 0 -2.220446049250313e-16 1
vn 0 -2.220446049250313e-16 1
vn 0 -2.220446049250313e-16 1
vn 0 -2.220446049250313e-16 1
vn 0 -2.220446049250313e-16 1
vn 0 -2.220446049250313e-16 1
vn 0 -2.220446049250313e-16 1
vn 0 -2.220446049250313e-16 1
vn 0 -2.220446049250313e-16 1
vn 0 -2.220446049250313e-16 1
vn 0 -2.220446049250313e-16 1
vn 0 -2.220446049250313e-16 1
vn 0 -2.220446049250313e-16 1
vn 0 -2.220446049250313e-16 1
vn 0 -2.220446049250313e-16 1
vn 0 -2.220446049250313e-16 1
vn 0 -2.220446049250313e-16 1
vn 0 -2.220446049250313e-16 1
vn 0 -2.220446049250313e-16 1
vn 0 -2.220446049250313e-16 1
vn 0 -2.220446049250313e-16 1
vn 0 -2.220446049250313e-16 1
vn 0 -2.220446049250313e-16 1
vn 0 -2.220446049250313e-16 1
vn 0 -2.220446049250313e-16 1
vn 0 -2.220446049250313e-16 1
vn 0 -2.220446049250313e-16 1
vn 0 -2.220446049250313e-16 1
vn 0 -2.220446049250313e-16 1
vn 0 -2.220446049250313e-16 1
vn 0 -2.220446049250313e-16 1
vn 0 -2.220446049250313e-16 1
vn 0 -2.220446049250313e-16 1
vn 0 -2.220446049250313e-16 1
vn 0 -2.220446049250313e-16 1
vn 0 -2.220446049250313e-16 1
vn 0 -2.220446049250313e-16 1
vn 0 -2.220446049250313e-16 1
vn 0 -2.220446049250313e-16 1
vn 0 2.220446049250313e-16 -1
vn 0 2.220446049250313e-16 -1
vn 0 2.220446049250313e-16 -1
vn 0 2.220446049250313e-16 -1
vn 0 2.220446049250313e-16 -1
vn 0 2.220446049250313e-16 -1
vn 0 2.220446049250313e-16 -1
vn 0 2.220446049250313e-16 -1
vn 0 2.220446049250313e-16 -1
vn 0 2.220446049250313e-16 -1
vn 0 2.220446049250313e-16 -1
vn 0 2.220446049250313e-16 -1
vn 0 2.220446049250313e-16 -1
vn 0 2.220446049250313e-16 -1
vn 0 2.220446049250313e-16 -1
vn 0 2.220446049250313e-16 -1
vn 0 2.220446049250313e-16 -1
vn 0 2.220446049250313e-16 -1
vn 0 2.220446049250313e-16 -1
vn 0 2.220446049250313e-16 -1
vn 0 2.220446049250313e-16 -1
vn 0 2.220446049250313e-16 -1
vn 0 2.220446049250313e-16 -1
vn 0 2.220446049250313e-16 -1
vn 0 2.220446049250313e-16 -1
vn 0 2.220446049250313e-16 -1
vn 0 2.220446049250313e-16 -1
vn 0 2.220446049250313e-16 -1
vn 0 2.220446049250313e-16 -1
vn 0 2.220446049250313e-16 -1
vn 0 2.220446049250313e-16 -1
vn 0 2.220446049250313e-16 -1
vn 0 2.220446049250313e-16 -1
vn 0 2.220446049250313e-16 -1
vn 0 2.220446049250313e-16 -1
vn 0 2.220446049250313e-16 -1
vn 0 2.220446049250313e-16 -1
vn 0 2.220446049250313e-16 -1
vn 0 2.220446049250313e-16 -1
vn 0 2.220446049250313e-16 -1
vn 0 2.220446049250313e-16 -1
vn 0 2.220446049250313e-16 -1
vn 0 2.220446049250313e-16 -1
vn 0 2.220446049250313e-16 -1
vn 0 2.220446049250313e-16 -1
vn 0 2.220446049250313e-16 -1
vn 0 2.220446049250313e-16 -1
vn 0 2.220446049250313e-16 -1
vn 0 2.220446049250313e-16 -1
vn 0 2.220446049250313e-16 -1
vn 0 2.220446049250313e-16 -1
vn 0 2.220446049250313e-16 -1
vn 0 2.220446049250313e-16 -1
vn 0 2.220446049250313e-16 -1
vn 0 2.220446049250313e-16 -1
vn 0 2.220446049250313e-16 -1
vn 0 2.220446049250313e-16 -1
vn 0 2.220446049250313e-16 -1
vn 0 2.220446049250313e-16 -1
vn 0 2.220446049250313e-16 -1
vn 0 2.220446049250313e-16 -1
vn 0 2.220446049250313e-16 -1
vn 0 2.220446049250313e-16 -1
vn 0 2.220446049250313e-16 -1
vn 0 2.220446049250313e-16 -1
vn 0 2.220446049250313e-16 -1
vn 0 2.220446049250313e-16 -1
vn 0 2.220446049250313e-16 -1
vn 0 2.220446049250313e-16 -1
vn 0 2.220446049250313e-16 -1
vn 0 2.220446049250313e-16 -1
vn 0 2.220446049250313e-16 -1
vn 0 2.220446049250313e-16 -1
vn 0 2.220446049250313e-16 -1
vn 0 2.220446049250313e-16 -1
vn 0 2.220446049250313e-16 -1
vn 0 2.220446049250313e-16 -1
vn 0 2.220446049250313e-16 -1
vn 0 2.220446049250313e-16 -1
vn 0 2.220446049250313e-16 -1
vn 0 2.220446049250313e-16 -1
vn 0 2.220446049250313e-16 -1
vn 0 2.220446049250313e-16 -1
vn 0 2.220446049250313e-16 -1
vn 0 2.220446049250313e-16 -1
vn 0 2.220446049250313e-16 -1
vn 0 2.220446049250313e-16 -1
vn 0 2.220446049250313e-16 -1
vn 0 2.220446049250313e-16 -1
vn 0 2.220446049250313e-16 -1
vn 0 2.220446049250313e-16 -1
vn 0 2.220446049250313e-16 -1
vn 0 2.220446049250313e-16 -1
vn 0 2.220446049250313e-16 -1
vn 0 2.220446049250313e-16 -1
vn 0 2.220446049250313e-16 -1
vn 0 2.220446049250313e-16 -1
vn 0 2.220446049250313e-16 -1
vn 0 2.220446049250313e-16 -1
vn 0 2.220446049250313e-16 -1
vn 0 2.220446049250313e-16 -1
vn 0 2.220446049250313e-16 -1
vn 0 2.220446049250313e-16 -1
vn 0 2.220446049250313e-16 -1
vn 0 2.220446049250313e-16 -1
vn 0 2.220446049250313e-16 -1
vn 0 2.220446049250313e-16 -1
vn 0 2.220446049250313e-16 -1
vn 0 2.220446049250313e-16 -1
vn 0 2.220446049250313e-16 -1
vn 0 2.220446049250313e-16 -1
vn 0 2.220446049250313e-16 -1
vn 0 2.220446049250313e-16 -1
vn 0 2.220446049250313e-16 -1
vn 0 2.220446049250313e-16 -1
vn 0 2.220446049250313e-16 -1
vn 0 2.220446049250313e-16 -1
vn 0 2.220446049250313e-16 -1
vn 0 2.220446049250313e-16 -1
vn 0 2.220446049250313e-16 -1
vn 0 2.220446049250313e-16 -1
vn 0 2.220446049250313e-16 -1
vn 0 2.220446049250313e-16 -1
vn 0 2.220446049250313e-16 -1
vn 0 2.220446049250313e-16 -1
vn 0 2.220446049250313e-16 -1
vn 0 2.220446049250313e-16 -1
vn 0 2.220446049250313e-16 -1
vn 0 2.220446049250313e-16 -1
vn 0 2.220446049250313e-16 -1
vn 0 2.220446049250313e-16 -1
vn 0 2.220446049250313e-16 -1
vn 0 2.220446049250313e-16 -1
vn 0 2.220446049250313e-16 -1
vn 0 2.220446049250313e-16 -1
vn 0 2.220446049250313e-16 -1
vn 0 2.220446049250313e-16 -1
vn 0 2.220446049250313e-16 -1
vn 0 2.220446049250313e-16 -1
vn 0 2.220446049250313e-16 -1
vn 0 2.220446049250313e-16 -1
vn 0 2.220446049250313e-16 -1
vn 0 2.220446049250313e-16 -1
vn 0 2.220446049250313e-16 -1
vn 0 2.220446049250313e-16 -1
vn 0 2.220446049250313e-16 -1
vn 0 2.220446049250313e-16 -1
vn 0 2.220446049250313e-16 -1
vn 0 2.220446049250313e-16 -1
vn 0 2.220446049250313e-16 -1
vn 0 2.220446049250313e-16 -1
vn 0 2.220446049250313e-16 -1
vn 0 2.220446049250313e-16 -1
vn 0 2.220446049250313e-16 -1
vn 0 2.220446049250313e-16 -1
vn 0 2.220446049250313e-16 -1
vn 0 2.220446049250313e-16 -1
vn 0 2.220446049250313e-16 -1
vn 0 2.220446049250313e-16 -1
vn 0 2.220446049250313e-16 -1
vn 0 2.220446049250313e-16 -1
vn 0 2.220446049250313e-16 -1
vn 0 2.220446049250313e-16 -1
vn 0 2.220446049250313e-16 -1
vn 0 2.220446049250313e-16 -1
vn 0 2.220446049250313e-16 -1
vn 0 2.220446049250313e-16 -1
vn 0 2.220446049250313e-16 -1
vn 0 2.220446049250313e-16 -1
vn 0 2.220446049250313e-16 -1
vn 0 2.220446049250313e-16 -1
vn 0 2.220446049250313e-16 -1
vn 0 2.220446049250313e-16 -1
vn 0 2.220446049250313e-16 -1
vn 0 2.220446049250313e-16 -1
vn 0 2.220446049250313e-16 -1
vn 0 2.220446049250313e-16 -1
vn 0 2.220446049250313e-16 -1
vn 0 2.220446049250313e-16 -1
vn 0 2.220446049250313e-16 -1
vn 0 2.220446049250313e-16 -1
vn 0 2.220446049250313e-16 -1
vn 0 2.220446049250313e-16 -1
vn 0 2.220446049250313e-16 -1
vn 0 2.220446049250313e-16 -1
vn 0 2.220446049250313e-16 -1
vn 0 2.220446049250313e-16 -1
vn 0 2.220446049250313e-16 -1
vn 0 2.220446049250313e-16 -1
vn 0 2.220446049250313e-16 -1
vn 0 2.220446049250313e-16 -1
vn 0 2.220446049250313e-16 -1
vn 0 2.220446049250313e-16 -1
vn 0 2.220446049250313e-16 -1
vn 0 2.220446049250313e-16 -1
vn 0 2.220446049250313e-16 -1
vn 0 2.220446049250313e-16 -1
vn 0 2.220446049250313e-16 -1
vn 0 2.220446049250313e-16 -1
vn 0 2.220446049250313e-16 -1
vn 0 2.220446049250313e-16 -1
vn 0 2.220446049250313e-16 -1
vn 0 2.220446049250313e-16 -1
vn 0 2.220446049250313e-16 -1
vn 0 2.220446049250313e-16 -1
vn 0 2.220446049250313e-16 -1
vn 0 2.220446049250313e-16 -1
vn 0 2.220446049250313e-16 -1
vn 0 2.220446049250313e-16 -1
vn 0 2.220446049250313e-16 -1
vn 0 2.220446049250313e-16 -1
vn 0 2.220446049250313e-16 -1
vn 0 2.220446049250313e-16 -1
vn 0 2.220446049250313e-16 -1
vn 0 2.220446049250313e-16 -1
vn 0 2.220446049250313e-16 -1
vn 0 2.220446049250313e-16 -1
vn 0 2.220446049250313e-16 -1
vn 0 2.220446049250313e-16 -1
vn 0 2.220446049250313e-16 -1
vn 0 2.220446049250313e-16 -1
vn 0 2.220446049250313e-16 -1
vn 0 2.220446049250313e-16 -1
vn 0 2.220446049250313e-16 -1
vn 0 2.220446049250313e-16 -1
vn 0 2.220446049250313e-16 -1
vn 0 2.220446049250313e-16 -1
vn 0 2.220446049250313e-16 -1
vn 0 2.220446049250313e-16 -1
vn 0 2.220446049250313e-16 -1
vn 0 2.220446049250313e-16 -1
vn 0 2.220446049250313e-16 -1
vn 0 2.220446049250313e-16 -1
vn 0 2.220446049250313e-16 -1
vn 0 2.220446049250313e-16 -1
vn 0 2.220446049250313e-16 -1
vn 0 2.220446049250313e-16 -1
vn 0 2.220446049250313e-16 -1
vn 0 2.220446049250313e-16 -1
vn 0 2.220446049250313e-16 -1
vn 0 2.220446049250313e-16 -1
vn 0 2.220446049250313e-16 -1
vn 0 2.220446049250313e-16 -1
vn 0 2.220446049250313e-16 -1
vn 0 2.220446049250313e-16 -1
vn 0 2.220446049250313e-16 -1
vn 0 2.220446049250313e-16 -1
vn 0 2.220446049250313e-16 -1
vn 0 2.220446049250313e-16 -1
vn 0 2.220446049250313e-16 -1
vn 0 2.220446049250313e-16 -1
vn 0 2.220446049250313e-16 -1
vn 0 2.220446049250313e-16 -1
vn 0 2.220446049250313e-16 -1
vn 0 2.220446049250313e-16 -1
vn 0 2.220446049250313e-16 -1
vn 0 2.220446049250313e-16 -1
vn 0 2.220446049250313e-16 -1
vn 0 2.220446049250313e-16 -1
vn 0 2.220446049250313e-16 -1
vn 0 2.220446049250313e-16 -1
vn 0 2.220446049250313e-16 -1
vn 0 2.220446049250313e-16 -1
vn 0 -1 -2.220446049250313e-16
vn 0 -1 -2.220446049250313e-16
vn 0 -1 -2.220446049250313e-16
vn 0 -1 -2.220446049250313e-16
vn 0 -1 -2.220446049250313e-16
vn 0 -1 -2.220446049250313e-16
vn 0 -1 -2.220446049250313e-16
vn 0 -1 -2.220446049250313e-16
vn 0 -1 -2.220446049250313e-16
vn 0 -1 -2.220446049250313e-16
vn 0 -1 -2.220446049250313e-16
vn 0 -1 -2.220446049250313e-16
vn 0 -1 -2.220446049250313e-16
vn 0 -1 -2.220446049250313e-16
vn 0 -1 -2.220446049250313e-16
vn 0 -1 -2.220446049250313e-16
vn 0 -1 -2.220446049250313e-16
vn 0 -1 -2.220446049250313e-16
vn 0 -1 -2.220446049250313e-16
vn 0 -1 -2.220446049250313e-16
vn 0 -1 -2.220446049250313e-16
vn 0 -1 -2.220446049250313e-16
vn 0 -1 -2.220446049250313e-16
vn 0 -1 -2.220446049250313e-16
vn 0 -1 -2.220446049250313e-16
vn 0 -1 -2.220446049250313e-16
vn 0 -1 -2.220446049250313e-16
vn 0 -1 -2.220446049250313e-16
vn 0 -1 -2.220446049250313e-16
vn 0 -1 -2.220446049250313e-16
vn 0 -1 -2.220446049250313e-16
vn 0 -1 -2.220446049250313e-16
vn 0 -1 -2.220446049250313e-16
vn 0 -1 -2.220446049250313e-16
vn 0 -1 -2.220446049250313e-16
vn 0 -1 -2.220446049250313e-16
vn 0 -1 -2.220446049250313e-16
vn 0 -1 -2.220446049250313e-16
vn 0 -1 -2.220446049250313e-16
vn 0 -1 -2.220446049250313e-16
vn 0 -1 -2.220446049250313e-16
vn 0 -1 -2.220446049250313e-16
vn 0 -1 -2.220446049250313e-16
vn 0 -1 -2.220446049250313e-16
vn 0 -1 -2.220446049250313e-16
vn 0 -1 -2.220446049250313e-16
vn 0 -1 -2.220446049250313e-16
vn 0 -1 -2.220446049250313e-16
vn 0 -1 -2.220446049250313e-16
vn 0 -1 -2.220446049250313e-16
vn 0 -1 -2.220446049250313e-16
vn 0 -1 -2.220446049250313e-16
vn 0 -1 -2.220446049250313e-16
vn 0 -1 -2.220446049250313e-16
vn 0 -1 -2.220446049250313e-16
vn 0 -1 -2.220446049250313e-16
vn 0 -1 -2.220446049250313e-16
vn 0 -1 -2.220446049250313e-16
vn 0 -1 -2.220446049250313e-16
vn 0 -1 -2.220446049250313e-16
vn 0 -1 -2.220446049250313e-16
vn 0 -1 -2.220446049250313e-16
vn 0 -1 -2.220446049250313e-16
vn 0 -1 -2.220446049250313e-16
vn 0 -1 -2.220446049250313e-16
vn 0 -1 -2.220446049250313e-16
vn 0 -1 -2.220446049250313e-16
vn 0 -1 -2.220446049250313e-16
vn 0 -1 -2.220446049250313e-16
vn 0 -1 -2.220446049250313e-16
vn 0 -1 -2.220446049250313e-16
vn 0 -1 -2.220446049250313e-16
vn 0 -1 -2.220446049250313e-16
vn 0 -1 -2.220446049250313e-16
vn 0 -1 -2.220446049250313e-16
vn 0 -1 -2.220446049250313e-16
vn 0 -1 -2.220446049250313e-16
vn 0 -1 -2.220446049250313e-16
vn 0 -1 -2.220446049250313e-16
vn 0 -1 -2.220446049250313e-16
vn 0 -1 -2.220446049250313e-16
vn 0 -1 -2.220446049250313e-16
vn 0 -1 -2.220446049250313e-16
vn 0 -1 -2.220446049250313e-16
vn 0 -1 -2.220446049250313e-16
vn 0 -1 -2.220446049250313e-16
vn 0 -1 -2.220446049250313e-16
vn 0 -1 -2.220446049250313e-16
vn 0 -1 -2.220446049250313e-16
vn 0 -1 -2.220446049250313e-16
vn 0 -1 -2.220446049250313e-16
vn 0 -1 -2.220446049250313e-16
vn 0 -1 -2.220446049250313e-16
vn 0 -1 -2.220446049250313e-16
vn 0 -1 -2.220446049250313e-16
vn 0 -1 -2.220446049250313e-16
vn 0 -1 -2.220446049250313e-16
vn 0 -1 -2.220446049250313e-16
vn 0 -1 -2.220446049250313e-16
vn 0 -1 -2.220446049250313e-16
vn 0 -1 -2.220446049250313e-16
vn 0 -1 -2.220446049250313e-16
vn 0 -1 -2.220446049250313e-16
vn 0 -1 -2.220446049250313e-16
vn 0 -1 -2.220446049250313e-16
vn 0 -1 -2.220446049250313e-16
vn 0 -1 -2.220446049250313e-16
vn 0 -1 -2.220446049250313e-16
vn 0 -1 -2.220446049250313e-16
vn 0 -1 -2.220446049250313e-16
vn 0 -1 -2.220446049250313e-16
vn 0 -1 -2.220446049250313e-16
vn 0 -1 -2.220446049250313e-16
vn 0 -1 -2.220446049250313e-16
vn 0 -1 -2.220446049250313e-16
vn 0 -1 -2.220446049250313e-16
vn 0 -1 -2.220446049250313e-16
vn 0 -1 -2.220446049250313e-16
vn 0 -1 -2.220446049250313e-16
vn 0 -1 -2.220446049250313e-16
vn 0 -1 -2.220446049250313e-16
vn 0 -1 -2.220446049250313e-16
vn 0 -1 -2.220446049250313e-16
vn 0 -1 -2.220446049250313e-16
vn 0 -1 -2.220446049250313e-16
vn 0 -1 -2.220446049250313e-16
vn 0 -1 -2.220446049250313e-16
vn 0 -1 -2.220446049250313e-16
vn 0 -1 -2.220446049250313e-16
vn 0 -1 -2.220446049250313e-16
vn 0 -1 -2.220446049250313e-16
vn 0 -1 -2.220446049250313e-16
vn 0 -1 -2.220446049250313e-16
vn 0 -1 -2.220446049250313e-16
vn 0 -1 -2.220446049250313e-16
vn 0 -1 -2.220446049250313e-16
vn 0 -1 -2.220446049250313e-16
vn 0 -1 -2.220446049250313e-16
vn 0 -1 -2.220446049250313e-16
vn 0 -1 -2.220446049250313e-16
vn 0 -1 -2.220446049250313e-16
vn 0 -1 -2.220446049250313e-16
vn 0 -1 -2.220446049250313e-16
vn 0 -1 -2.220446049250313e-16
vn 0 -1 -2.220446049250313e-16
vn 0 -1 -2.220446049250313e-16
vn 0 -1 -2.220446049250313e-16
vn 0 -1 -2.220446049250313e-16
vn 0 -1 -2.220446049250313e-16
vn 0 -1 -2.220446049250313e-16
vn 0 -1 -2.220446049250313e-16
vn 0 -1 -2.220446049250313e-16
vn 0 -1 -2.220446049250313e-16
vn 0 -1 -2.220446049250313e-16
vn 0 -1 -2.220446049250313e-16
vn 0 -1 -2.220446049250313e-16
vn 0 -1 -2.220446049250313e-16
vn 0 -1 -2.220446049250313e-16
vn 0 -1 -2.220446049250313e-16
vn 0 -1 -2.220446049250313e-16
vn 0 -1 -2.220446049250313e-16
vn 0 -1 -2.220446049250313e-16
vn 0 -1 -2.220446049250313e-16
vn 0 -1 -2.220446049250313e-16
vn 0 -1 -2.220446049250313e-16
vn 0 -1 -2.220446049250313e-16
vn 0 -1 -2.220446049250313e-16
vn 0 -1 -2.220446049250313e-16
vn 0 -1 -2.220446049250313e-16
vn 0 -1 -2.220446049250313e-16
vn 0 -1 -2.220446049250313e-16
vn 0 -1 -2.220446049250313e-16
vn 0 -1 -2.220446049250313e-16
vn 0 -1 -2.220446049250313e-16
vn 0 -1 -2.220446049250313e-16
vn 0 -1 -2.220446049250313e-16
vn 0 -1 -2.220446049250313e-16
vn 0 -1 -2.220446049250313e-16
vn 0 -1 -2.220446049250313e-16
vn 0 -1 -2.220446049250313e-16
vn 0 -1 -2.220446049250313e-16
vn 0 -1 -2.220446049250313e-16
vn 0 -1 -2.220446049250313e-16
vn 0 -1 -2.220446049250313e-16
vn 0 -1 -2.220446049250313e-16
vn 0 -1 -2.220446049250313e-16
vn 0 -1 -2.220446049250313e-16
vn 0 -1 -2.220446049250313e-16
vn 0 -1 -2.220446049250313e-16
vn 0 -1 -2.220446049250313e-16
vn 0 -1 -2.220446049250313e-16
vn 0 -1 -2.220446049250313e-16
vn 0 -1 -2.220446049250313e-16
vn 0 -1 -2.220446049250313e-16
vn 0 -1 -2.220446049250313e-16
vn 0 -1 -2.220446049250313e-16
vn 0 -1 -2.220446049250313e-16
vn 0 -1 -2.220446049250313e-16
vn 0 -1 -2.220446049250313e-16
vn 0 -1 -2.220446049250313e-16
vn 0 -1 -2.220446049250313e-16
vn 0 -1 -2.220446049250313e-16
vn 0 -1 -2.220446049250313e-16
vn 0 -1 -2.220446049250313e-16
vn 0 -1 -2.220446049250313e-16
vn 0 -1 -2.220446049250313e-16
vn 0 -1 -2.220446049250313e-16
vn 0 -1 -2.220446049250313e-16
vn 0 -1 -2.220446049250313e-16
vn 0 -1 -2.220446049250313e-16
vn 0 -1 -2.220446049250313e-16
vn 0 -1 -2.220446049250313e-16
vn 0 -1 -2.220446049250313e-16
vn 0 -1 -2.220446049250313e-16
vn 0 -1 -2.220446049250313e-16
vn 0 -1 -2.220446049250313e-16
vn 0 -1 -2.220446049250313e-16
vn 0 -1 -2.220446049250313e-16
vn 0 -1 -2.220446049250313e-16
vn 0 -1 -2.220446049250313e-16
vn 0 -1 -2.220446049250313e-16
vn 0 -1 -2.220446049250313e-16
vn 0 -1 -2.220446049250313e-16
vn 0 -1 -2.220446049250313e-16
vn 0 -1 -2.220446049250313e-16
vn 0 -1 -2.220446049250313e-16
vn 0 -1 -2.220446049250313e-16
vn 0 -1 -2.220446049250313e-16
vn 0 -1 -2.220446049250313e-16
vn 0 -1 -2.220446049250313e-16
vn 0 -1 -2.220446049250313e-16
vn 0 -1 -2.220446049250313e-16
vn 0 -1 -2.220446049250313e-16
vn 0 -1 -2.220446049250313e-16
vn 0 -1 -2.220446049250313e-16
vn 0 -1 -2.220446049250313e-16
vn 0 -1 -2.220446049250313e-16
vn 0 -1 -2.220446049250313e-16
vn 0 -1 -2.220446049250313e-16
vn 0 -1 -2.220446049250313e-16
vn 0 -1 -2.220446049250313e-16
vn 0 -1 -2.220446049250313e-16
vn 0 -1 -2.220446049250313e-16
vn 0 -1 -2.220446049250313e-16
vn 0 -1 -2.220446049250313e-16
vn 0 -1 -2.220446049250313e-16
vn 0 -1 -2.220446049250313e-16
vn 0 -1 -2.220446049250313e-16
vn 0 -1 -2.220446049250313e-16
vn 0 -1 -2.220446049250313e-16
vn 0 -1 -2.220446049250313e-16
vn 0 -1 -2.220446049250313e-16
vn 0 -1 -2.220446049250313e-16
vn 0 -1 -2.220446049250313e-16
vn 0 -1 -2.220446049250313e-16
vn 0 -1 -2.220446049250313e-16
vn 0 -1 -2.220446049250313e-16
vn 0 -1 -2.220446049250313e-16
vn 0 -1 -2.220446049250313e-16
vn 0 -1 -2.220446049250313e-16
vn 0 -1 -2.220446049250313e-16
vn 0 -1 -2.220446049250313e-16
vn 0 -1 -2.220446049250313e-16
vn 0 -1 -2.220446049250313e-16
vn 0 -1 -2.220446049250313e-16
vn 0 -1 -2.220446049250313e-16
vn 0 -1 -2.220446049250313e-16
vn 0 -1 -2.220446049250313e-16
vn 0 -1 -2.220446049250313e-16
vn 0 -1 -2.220446049250313e-16
vn 0 -1 -2.220446049250313e-16
vn 0 -1 -2.220446049250313e-16
vn 0 -1 -2.220446049250313e-16
vn 0 -1 -2.220446049250313e-16
vn 0 -1 -2.220446049250313e-16
vn 0 -1 -2.220446049250313e-16
vn 0 -1 -2.220446049250313e-16
vn 0 -1 -2.220446049250313e-16
vn 0 -1 -2.220446049250313e-16
vn 0 -1 -2.220446049250313e-16
vn 0 -1 -2.220446049250313e-16
vn 0 -1 -2.220446049250313e-16
vn 0 -1 -2.220446049250313e-16
vn 0 -1 -2.220446049250313e-16
vn 0 -1 -2.220446049250313e-16
vn 0 -1 -2.220446049250313e-16
vn 0 -1 -2.220446049250313e-16
vn 0 -1 -2.220446049250313e-16
vn 0 -1 -2.220446049250313e-16
vn 0 -1 -2.220446049250313e-16
vn 0 -1 -2.220446049250313e-16
vn 0 -1 -2.220446049250313e-16
vn 0 -1 -2.220446049250313e-16
vn 0 -1 -2.220446049250313e-16
vn 0 -1 -2.220446049250313e-16
vn 0 -1 -2.220446049250313e-16
vn 0 -1 -2.220446049250313e-16
vn 0 -1 -2.220446049250313e-16
vn 0 -1 -2.220446049250313e-16
vn 0 -1 -2.220446049250313e-16
vn 0 -1 -2.220446049250313e-16
vn 0 -1 -2.220446049250313e-16
vn 0 -1 -2.220446049250313e-16
vn 0 -1 -2.220446049250313e-16
vn 0 -1 -2.220446049250313e-16
vn 0 -1 -2.220446049250313e-16
vn 0 -1 -2.220446049250313e-16
vn 0 1 2.220446049250313e-16
vn 0 1 2.220446049250313e-16
vn 0 1 2.220446049250313e-16
vn 0 1 2.220446049250313e-16
vn 0 1 2.220446049250313e-16
vn 0 1 2.220446049250313e-16
vn 0 1 2.220446049250313e-16
vn 0 1 2.220446049250313e-16
vn 0 1 2.220446049250313e-16
vn 0 1 2.220446049250313e-16
vn 0 1 2.220446049250313e-16
vn 0 1 2.220446049250313e-16
vn 0 1 2.220446049250313e-16
vn 0 1 2.220446049250313e-16
vn 0 1 2.220446049250313e-16
vn 0 1 2.220446049250313e-16
vn 0 1 2.220446049250313e-16
vn 0 1 2.220446049250313e-16
vn 0 1 2.220446049250313e-16
vn 0 1 2.220446049250313e-16
vn 0 1 2.220446049250313e-16
vn 0 1 2.220446049250313e-16
vn 0 1 2.220446049250313e-16
vn 0 1 2.220446049250313e-16
vn 0 1 2.220446049250313e-16
vn 0 1 2.220446049250313e-16
vn 0 1 2.220446049250313e-16
vn 0 1 2.220446049250313e-16
vn 0 1 2.220446049250313e-16
vn 0 1 2.220446049250313e-16
vn 0 1 2.220446049250313e-16
vn 0 1 2.220446049250313e-16
vn 0 1 2.220446049250313e-16
vn 0 1 2.220446049250313e-16
vn 0 1 2.220446049250313e-16
vn 0 1 2.220446049250313e-16
vn 0 1 2.220446049250313e-16
vn 0 1 2.220446049250313e-16
vn 0 1 2.220446049250313e-16
vn 0 1 2.220446049250313e-16
vn 0 1 2.220446049250313e-16
vn 0 1 2.220446049250313e-16
vn 0 1 2.220446049250313e-16
vn 0 1 2.220446049250313e-16
vn 0 1 2.220446049250313e-16
vn 0 1 2.220446049250313e-16
vn 0 1 2.220446049250313e-16
vn 0 1 2.220446049250313e-16
vn 0 1 2.220446049250313e-16
vn 0 1 2.220446049250313e-16
vn 0 1 2.220446049250313e-16
vn 0 1 2.220446049250313e-16
vn 0 1 2.220446049250313e-16
vn 0 1 2.220446049250313e-16
vn 0 1 2.220446049250313e-16
vn 0 1 2.220446049250313e-16
vn 0 1 2.220446049250313e-16
vn 0 1 2.220446049250313e-16
vn 0 1 2.220446049250313e-16
vn 0 1 2.220446049250313e-16
vn 0 1 2.220446049250313e-16
vn 0 1 2.220446049250313e-16
vn 0 1 2.220446049250313e-16
vn 0 1 2.220446049250313e-16
vn 0 1 2.220446049250313e-16
vn 0 1 2.220446049250313e-16
vn 0 1 2.220446049250313e-16
vn 0 1 2.220446049250313e-16
vn 0 1 2.220446049250313e-16
vn 0 1 2.220446049250313e-16
vn 0 1 2.220446049250313e-16
vn 0 1 2.220446049250313e-16
vn 0 1 2.220446049250313e-16
vn 0 1 2.220446049250313e-16
vn 0 1 2.220446049250313e-16
vn 0 1 2.220446049250313e-16
vn 0 1 2.220446049250313e-16
vn 0 1 2.220446049250313e-16
vn 0 1 2.220446049250313e-16
vn 0 1 2.220446049250313e-16
vn 0 1 2.220446049250313e-16
vn 0 1 2.220446049250313e-16
vn 0 1 2.220446049250313e-16
vn 0 1 2.220446049250313e-16
vn 0 1 2.220446049250313e-16
vn 0 1 2.220446049250313e-16
vn 0 1 2.220446049250313e-16
vn 0 1 2.220446049250313e-16
vn 0 1 2.220446049250313e-16
vn 0 1 2.220446049250313e-16
vn 0 1 2.220446049250313e-16
vn 0 1 2.220446049250313e-16
vn 0 1 2.220446049250313e-16
vn 0 1 2.220446049250313e-16
vn 0 1 2.220446049250313e-16
vn 0 1 2.220446049250313e-16
vn 0 1 2.220446049250313e-16
vn 0 1 2.220446049250313e-16
vn 0 1 2.220446049250313e-16
vn 0 1 2.220446049250313e-16
vn 0 1 2.220446049250313e-16
vn 0 1 2.220446049250313e-16
vn 0 1 2.220446049250313e-16
vn 0 1 2.220446049250313e-16
vn 0 1 2.220446049250313e-16
vn 0 1 2.220446049250313e-16
vn 0 1 2.220446049250313e-16
vn 0 1 2.220446049250313e-16
vn 0 1 2.220446049250313e-16
vn 0 1 2.220446049250313e-16
vn 0 1 2.220446049250313e-16
vn 0 1 2.220446049250313e-16
vn 0 1 2.220446049250313e-16
vn 0 1 2.220446049250313e-16
vn 0 1 2.220446049250313e-16
vn 0 1 2.220446049250313e-16
vn 0 1 2.220446049250313e-16
vn 0 1 2.220446049250313e-16
vn 0 1 2.220446049250313e-16
vn 0 1 2.220446049250313e-16
vn 0 1 2.220446049250313e-16
vn 0 1 2.220446049250313e-16
vn 0 1 2.220446049250313e-16
vn 0 1 2.220446049250313e-16
vn 0 1 2.220446049250313e-16
vn 0 1 2.220446049250313e-16
vn 0 1 2.220446049250313e-16
vn 0 1 2.220446049250313e-16
vn 0 1 2.220446049250313e-16
vn 0 1 2.220446049250313e-16
vn 0 1 2.220446049250313e-16
vn 0 1 2.220446049250313e-16
vn 0 1 2.220446049250313e-16
vn 0 1 2.220446049250313e-16
vn 0 1 2.220446049250313e-16
vn 0 1 2.220446049250313e-16
vn 0 1 2.220446049250313e-16
vn 0 1 2.220446049250313e-16
vn 0 1 2.220446049250313e-16
vn 0 1 2.220446049250313e-16
vn 0 1 2.220446049250313e-16
vn 0 1 2.220446049250313e-16
vn 0 1 2.220446049250313e-16
vn 0 1 2.220446049250313e-16
vn 0 1 2.220446049250313e-16
vn 0 1 2.220446049250313e-16
vn 0 1 2.220446049250313e-16
vn 0 1 2.220446049250313e-16
vn 0 1 2.220446049250313e-16
vn 0 1 2.220446049250313e-16
vn 0 1 2.220446049250313e-16
vn 0 1 2.220446049250313e-16
vn 0 1 2.220446049250313e-16
vn 0 1 2.220446049250313e-16
vn 0 1 2.220446049250313e-16
vn 0 1 2.220446049250313e-16
vn 0 1 2.220446049250313e-16
vn 0 1 2.220446049250313e-16
vn 0 1 2.220446049250313e-16
vn 0 1 2.220446049250313e-16
vn 0 1 2.220446049250313e-16
vn 0 1 2.220446049250313e-16
vn 0 1 2.220446049250313e-16
vn 0 1 2.220446049250313e-16
vn 0 1 2.220446049250313e-16
vn 0 1 2.220446049250313e-16
vn 0 1 2.220446049250313e-16
vn 0 1 2.220446049250313e-16
vn 0 1 2.220446049250313e-16
vn 0 1 2.220446049250313e-16
vn 0 1 2.220446049250313e-16
vn 0 1 2.220446049250313e-16
vn 0 1 2.220446049250313e-16
vn 0 1 2.220446049250313e-16
vn 0 1 2.220446049250313e-16
vn 0 1 2.220446049250313e-16
vn 0 1 2.220446049250313e-16
vn 0 1 2.220446049250313e-16
vn 0 1 2.220446049250313e-16
vn 0 1 2.220446049250313e-16
vn 0 1 2.220446049250313e-16
vn 0 1 2.220446049250313e-16
vn 0 1 2.220446049250313e-16
vn 0 1 2.220446049250313e-16
vn 0 1 2.220446049250313e-16
vn 0 1 2.220446049250313e-16
vn 0 1 2.220446049250313e-16
vn 0 1 2.220446049250313e-16
vn 0 1 2.220446049250313e-16
vn 0 1 2.220446049250313e-16
vn 0 1 2.220446049250313e-16
vn 0 1 2.220446049250313e-16
vn 0 1 2.220446049250313e-16
vn 0 1 2.220446049250313e-16
vn 0 1 2.220446049250313e-16
vn 0 1 2.220446049250313e-16
vn 0 1 2.220446049250313e-16
vn 0 1 2.220446049250313e-16
vn 0 1 2.220446049250313e-16
vn 0 1 2.220446049250313e-16
vn 0 1 2.220446049250313e-16
vn 0 1 2.220446049250313e-16
vn 0 1 2.220446049250313e-16
vn 0 1 2.220446049250313e-16
vn 0 1 2.220446049250313e-16
vn 0 1 2.220446049250313e-16
vn 0 1 2.220446049250313e-16
vn 0 1 2.220446049250313e-16
vn 0 1 2.220446049250313e-16
vn 0 1 2.220446049250313e-16
vn 0 1 2.220446049250313e-16
vn 0 1 2.220446049250313e-16
vn 0 1 2.220446049250313e-16
vn 0 1 2.220446049250313e-16
vn 0 1 2.220446049250313e-16
vn 0 1 2.220446049250313e-16
vn 0 1 2.220446049250313e-16
vn 0 1 2.220446049250313e-16
vn 0 1 2.220446049250313e-16
vn 0 1 2.220446049250313e-16
vn 0 1 2.220446049250313e-16
vn 0 1 2.220446049250313e-16
vn 0 1 2.220446049250313e-16
vn 0 1 2.220446049250313e-16
vn 0 1 2.220446049250313e-16
vn 0 1 2.220446049250313e-16
vn 0 1 2.220446049250313e-16
vn 0 1 2.220446049250313e-16
vn 0 1 2.220446049250313e-16
vn 0 1 2.220446049250313e-16
vn 0 1 2.220446049250313e-16
vn 0 1 2.220446049250313e-16
vn 0 1 2.220446049250313e-16
vn 0 1 2.220446049250313e-16
vn 0 1 2.220446049250313e-16
vn 0 1 2.220446049250313e-16
vn 0 1 2.220446049250313e-16
vn 0 1 2.220446049250313e-16
vn 0 1 2.220446049250313e-16
vn 0 1 2.220446049250313e-16
vn 0 1 2.220446049250313e-16
vn 0 1 2.220446049250313e-16
vn 0 1 2.220446049250313e-16
vn 0 1 2.220446049250313e-16
vn 0 1 2.220446049250313e-16
vn 0 1 2.220446049250313e-16
vn 0 1 2.220446049250313e-16
vn 0 1 2.220446049250313e-16
vn 0 1 2.220446049250313e-16
vn 0 1 2.220446049250313e-16
vn 0 1 2.220446049250313e-16
vn 0 1 2.220446049250313e-16
vn 0 1 2.220446049250313e-16
vn 0 1 2.220446049250313e-16
vn 0 1 2.220446049250313e-16
vn 0 1 2.220446049250313e-16
vn 0 1 2.220446049250313e-16
vn 0 1 2.220446049250313e-16
vn 0 1 2.220446049250313e-16
vn 0 1 2.220446049250313e-16
vn 0 1 2.220446049250313e-16
vn 0 1 2.220446049250313e-16
vn 0 1 2.220446049250313e-16
vn 0 1 2.220446049250313e-16
vn 0 1 2.220446049250313e-16
vn 0 1 2.220446049250313e-16
vn 0 1 2.220446049250313e-16
vn 0 1 2.220446049250313e-16
vn 0 1 2.220446049250313e-16
vn 0 1 2.220446049250313e-16
vn 0 1 2.220446049250313e-16
vn 0 1 2.220446049250313e-16
vn 0 1 2.220446049250313e-16
vn 0 1 2.220446049250313e-16
vn 0 1 2.220446049250313e-16
vn 0 1 2.220446049250313e-16
vn 0 1 2.220446049250313e-16
vn 0 1 2.220446049250313e-16
vn 0 1 2.220446049250313e-16
vn 0 1 2.220446049250313e-16
vn 0 1 2.220446049250313e-16
vn 0 1 2.220446049250313e-16
vn 0 1 2.220446049250313e-16
vn 0 1 2.220446049250313e-16
vn 0 1 2.220446049250313e-16
vn 0 1 2.220446049250313e-16
vn 0 1 2.220446049250313e-16
vn 0 1 2.220446049250313e-16
vn 0 1 2.220446049250313e-16
vn 0 1 2.220446049250313e-16
vn 0 1 2.220446049250313e-16
vn 0 1 2.220446049250313e-16
vn 0 1 2.220446049250313e-16
vn 0 1 2.220446049250313e-16
vn 0 1 2.220446049250313e-16
vn 0 1 2.220446049250313e-16
vn 0 1 2.220446049250313e-16
vn 0 1 2.220446049250313e-16
vn 0 1 2.220446049250313e-16
vn 0 1 2.220446049250313e-16
vn 0 1 2.220446049250313e-16
vn 0 1 2.220446049250313e-16
vn 0 1 2.220446049250313e-16
vn 0 1 2.220446049250313e-16
vn 0 1 2.220446049250313e-16
vn 0 1 2.220446049250313e-16
vn 0 1 2.220446049250313e-16
vn 0 1 2.220446049250313e-16
vn 0 1 2.220446049250313e-16
vn 0 1 2.220446049250313e-16
vn 0 1 2.220446049250313e-16
vn 0 1 2.220446049250313e-16
vn 0 1 2.220446049250313e-16
vn 0 1 2.220446049250313e-16
vn 0 1 2.220446049250313e-16
vn 0 1 2.220446049250313e-16
vn 0 1 2.220446049250313e-16
vn 0 1 2.220446049250313e-16
vn 0 1 2.220446049250313e-16
vn 0 1 2.220446049250313e-16
vn 0 1 2.220446049250313e-16
vn 0 1 2.220446049250313e-16
vn 0 1 2.220446049250313e-16
vn 0 1 2.220446049250313e-16
vn 0 1 2.220446049250313e-16
vn 0 1 2.220446049250313e-16
vn 0 1 2.220446049250313e-16
vn 0 1 2.220446049250313e-16
vn 0 1 2.220446049250313e-16
vn 0 1 2.220446049250313e-16
vn 0 1 2.220446049250313e-16
vn 0 1 2.220446049250313e-16
vn 0 1 2.220446049250313e-16
vn 0 1 2.220446049250313e-16
vn 0 1 2.220446049250313e-16
vn 0 1 2.220446049250313e-16
vn 0 1 2.220446049250313e-16
vn 0 1 2.220446049250313e-16
vn 0 1 2.220446049250313e-16
vn 0 1 2.220446049250313e-16
vn 0 1 2.220446049250313e-16
vn 0 1 2.220446049250313e-16
vn 0 1 2.220446049250313e-16
vn 0 1 2.220446049250313e-16
vn 0 1 2.220446049250313e-16
vn 0 1 2.220446049250313e-16
vn 0 1 2.220446049250313e-16
vn 0 1 2.220446049250313e-16
vn 0 1 2.220446049250313e-16
vn 0 1 2.220446049250313e-16
vn 0 1 2.220446049250313e-16
vn 0 1 2.220446049250313e-16
vn 0 1 2.220446049250313e-16
vn 0 1 2.220446049250313e-16
vn 0 1 2.220446049250313e-16
vn 0 1 2.220446049250313e-16
vn 0 1 2.220446049250313e-16
vn 0 1 2.220446049250313e-16
vn 0 1 2.220446049250313e-16
vn 0 1 2.220446049250313e-16
vn 0 1 2.220446049250313e-16
vn 0 1 2.220446049250313e-16
vn 0 1 2.220446049250313e-16
vn 0 1 2.220446049250313e-16
vn 0 1 2.220446049250313e-16
vn 0 1 2.220446049250313e-16
vn 0 1 2.220446049250313e-16
vn 0 1 2.220446049250313e-16
vn 0 1 2.220446049250313e-16
vn 0 1 2.220446049250313e-16
vn 0 1 2.220446049250313e-16
vn 0 1 2.220446049250313e-16
vn 0 1 2.220446049250313e-16
vn 0 1 2.220446049250313e-16
vn 0 1 2.220446049250313e-16
vn 0 1 2.220446049250313e-16
vn 0 1 2.220446049250313e-16
vn 0 1 2.220446049250313e-16
vn 0 1 2.220446049250313e-16
vn 0 1 2.220446049250313e-16
vn 0 1 2.220446049250313e-16
vn 0 1 2.220446049250313e-16
vn 0 1 2.220446049250313e-16
vn 0 1 2.220446049250313e-16
vn 0 1 2.220446049250313e-16
vn 0 1 2.220446049250313e-16
vn 0 1 2.220446049250313e-16
vn 0 1 2.220446049250313e-16
vn 0 1 2.220446049250313e-16
vn 0 1 2.220446049250313e-16
vn 0 1 2.220446049250313e-16
vn 0 1 2.220446049250313e-16
vn 0 1 2.220446049250313e-16
vn 0 1 2.220446049250313e-16
vn 0 1 2.220446049250313e-16
vn 0 1 2.220446049250313e-16
vn 0 1 2.220446049250313e-16
vn 0 1 2.220446049250313e-16
vn 0 1 2.220446049250313e-16
vn 0 1 2.220446049250313e-16
vn 0 1 2.220446049250313e-16
vn 0 1 2.220446049250313e-16
vn 0 1 2.220446049250313e-16
vn 0 1 2.220446049250313e-16
vn 0 1 2.220446049250313e-16
vn 0 1 2.220446049250313e-16
vn 0 1 2.220446049250313e-16
vn 0 1 2.220446049250313e-16
vn 0 1 2.220446049250313e-16
vn 0 1 2.220446049250313e-16
vn 0 1 2.220446049250313e-16
vn 0 1 2.220446049250313e-16
vn 0 1 2.220446049250313e-16
vn 0 1 2.220446049250313e-16
vn 0 1 2.220446049250313e-16
f 1/1/1 2/2/2 3/3/3
f 4/4/4 5/5/5 6/6/6
f 7/7/7 2/2/2 1/1/1
f 8/8/8 9/9/9 10/10/10
f 11/11/11 12/12/12 13/13/13
f 14/14/14 9/9/9 8/8/8
f 15/15/15 16/16/16 17/17/17
f 18/18/18 12/12/12 11/11/11
f 19/19/19 16/16/16 15/15/15
f 20/20/20 21/21/21 22/22/22
f 23/23/23 5/5/5 4/4/4
f 24/24/24 21/21/21 20/20/20
f 25/25/25 26/26/26 27/27/27
f 28/28/28 5/5/5 23/23/23
f 29/29/29 11/11/11 30/30/30
f 29/29/29 18/18/18 11/11/11
f 31/31/31 18/18/18 29/29/29
f 32/32/32 33/33/33 34/34/34
f 35/35/35 18/18/18 31/31/31
f 36/36/36 33/33/33 32/32/32
f 37/37/37 38/38/38 39/39/39
f 40/40/40 41/41/41 42/42/42
f 43/43/43 38/38/38 37/37/37
f 44/44/44 26/26/26 25/25/25
f 45/45/45 41/41/41 40/40/40
f 46/46/46 26/26/26 44/44/44
f 47/47/47 48/48/48 49/49/49
f 50/50/50 51/51/51 52/52/52
f 53/53/53 36/36/36 32/32/32
f 54/54/54 51/51/51 50/50/50
f 55/55/55 56/56/56 57/57/57
f 58/58/58 36/36/36 53/53/53
f 59/59/59 56/56/56 55/55/55
f 60/60/60 61/61/61 62/62/62
f 63/63/63 56/56/56 59/59/59
f 64/64/64 65/65/65 66/66/66
f 67/67/67 61/61/61 60/60/60
f 68/68/68 69/69/69 70/70/70
f 71/71/71 65/65/65 64/64/64
f 72/72/72 73/73/73 74/74/74
f 75/75/75 69/69/69 68/68/68
f 76/76/76 77/77/77 78/78/78
f 79/79/79 73/73/73 72/72/72
f 80/80/80 77/77/77 76/76/76
f 81/81/81 82/82/82 83/83/83
f 84/84/84 77/77/77 80/80/80
f 85/85/85 86/86/86 87/87/87
f 88/88/88 82/82/82 81/81/81
f 89/89/89 90/90/90 91/91/91
f 92/92/92 86/86/86 85/85/85
f 93/93/93 90/90/90 89/89/89
f 94/94/94 90/90/90 93/93/93
f 95/95/95 96/96/96 97/97/97
f 98/98/98 90/90/90 94/94/94
f 99/99/99 96/96/96 95/95/95
f 100/100/100 101/101/101 102/102/102
f 103/103/103 96/96/96 99/99/99
f 104/104/104 105/105/105 106/106/106
f 107/107/107 101/101/101 100/100/100
f 108/108/108 105/105/105 104/104/104
f 109/109/109 110/110/110 111/111/111
f 112/112/112 105/105/105 108/108/108
f 113/113/113 114/114/114 115/115/115
f 116/116/116 110/110/110 109/109/109
f 113/113/113 115/115/115 117/117/117
f 118/118/118 114/114/114 113/113/113
f 119/119/119 45/45/45 40/40/40
f 120/120/120 114/114/114 118/118/118
f 121/121/121 122/122/122 123/123/123
f 124/124/124 45/45/45 119/119/119
f 125/125/125 122/122/122 121/121/121
f 126/126/126 47/47/47 49/49/49
f 127/127/127 128/128/128 129/129/129
f 130/130/130 47/47/47 126/126/126
f 127/127/127 131/131/131 128/128/128
f 132/132/132 131/131/131 127/127/127
f 133/133/133 134/134/134 135/135/135
f 136/136/136 131/131/131 132/132/132
f 137/137/137 134/134/134 133/133/133
f 138/138/138 139/139/139 140/140/140
f 141/141/141 134/134/134 137/137/137
f 138/138/138 142/142/142 139/139/139
f 138/138/138 143/143/143 142/142/142
f 144/144/144 145/145/145 146/146/146
f 147/147/147 143/143/143 138/138/138
f 144/144/144 148/148/148 149/149/149
f 144/144/144 149/149/149 145/145/145
f 150/150/150 151/151/151 152/152/152
f 153/153/153 148/148/148 144/144/144
f 150/150/150 154/154/154 151/151/151
f 150/150/150 155/155/155 154/154/154
f 156/156/156 155/155/155 150/150/150
f 157/157/157 158/158/158 159/159/159
f 160/160/160 155/155/155 156/156/156
f 161/161/161 162/162/162 163/163/163
f 164/164/164 158/158/158 157/157/157
f 165/165/165 166/166/166 167/167/167
f 168/168/168 162/162/162 161/161/161
f 165/165/165 169/169/169 166/166/166
f 170/170/170 171/171/171 172/172/172
f 173/173/173 169/169/169 165/165/165
f 174/174/174 175/175/175 176/176/176
f 177/177/177 171/171/171 170/170/170
f 174/174/174 176/176/176 178/178/178
f 179/179/179 180/180/180 181/181/181
f 182/182/182 175/175/175 174/174/174
f 179/179/179 183/183/183 180/180/180
f 184/184/184 183/183/183 179/179/179
f 185/185/185 186/186/186 187/187/187
f 188/188/188 183/183/183 184/184/184
f 189/189/189 190/190/190 191/191/191
f 192/192/192 186/186/186 185/185/185
f 189/189/189 121/121/121 190/190/190
f 193/193/193 194/194/194 195/195/195
f 196/196/196 121/121/121 189/189/189
f 197/197/197 194/194/194 193/193/193
f 198/198/198 199/199/199 200/200/200
f 198/198/198 200/200/200 201/201/201
f 202/202/202 203/203/203 204/204/204
f 205/205/205 199/199/199 198/198/198
f 202/202/202 204/204/204 206/206/206
f 207/207/207 208/208/208 209/209/209
f 210/210/210 203/203/203 202/202/202
f 207/207/207 211/211/211 208/208/208
f 212/212/212 211/211/211 207/207/207
f 213/213/213 211/211/211 212/212/212
f 214/214/214 215/215/215 216/216/216
f 214/214/214 216/216/216 217/217/217
f 218/218/218 215/215/215 214/214/214
f 219/219/219 215/215/215 218/218/218
f 220/220/220 221/221/221 222/222/222
f 223/223/223 215/215/215 219/219/219
f 224/224/224 225/225/225 226/226/226
f 227/227/227 221/221/221 220/220/220
f 224/224/224 226/226/226 228/228/228
f 224/224/224 229/229/229 225/225/225
f 224/224/224 230/230/230 231/231/231
f 224/224/224 228/228/228 230/230/230
f 224/224/224 232/232/232 229/229/229
f 233/233/233 232/232/232 224/224/224
f 234/234/234 232/232/232 233/233/233
f 235/235/235 236/236/236 237/237/237
f 238/238/238 232/232/232 234/234/234
f 239/239/239 240/240/240 241/241/241
f 242/242/242 236/236/236 235/235/235
f 239/239/239 243/243/243 240/240/240
f 239/239/239 241/241/241 244/244/244
f 245/245/245 243/243/243 239/239/239
f 246/246/246 243/243/243 245/245/245
f 247/247/247 243/243/243 246/246/246
f 248/248/248 198/198/198 201/201/201
f 249/249/249 202/202/202 250/250/250
f 251/251/251 198/198/198 248/248/248
f 252/252/252 253/253/253 254/254/254
f 255/255/255 202/202/202 249/249/249
f 252/252/252 254/254/254 256/256/256
f 257/257/257 258/258/258 259/259/259
f 260/260/260 261/261/261 262/262/262
f 263/263/263 261/261/261 260/260/260
f 264/264/264 265/265/265 266/266/266
f 267/267/267 261/261/261 263/263/263
f 264/264/264 268/268/268 265/265/265
f 269/269/269 268/268/268 264/264/264
f 270/270/270 271/271/271 272/272/272
f 273/273/273 268/268/268 269/269/269
f 274/274/274 271/271/271 270/270/270
f 275/275/275 271/271/271 274/274/274
f 276/276/276 271/271/271 275/275/275
f 277/277/277 271/271/271 276/276/276
f 278/278/278 279/279/279 280/280/280
f 281/281/281 271/271/271 277/277/277
f 282/282/282 283/283/283 284/284/284
f 285/285/285 279/279/279 278/278/278
f 282/282/282 286/286/286 283/283/283
f 282/282/282 287/287/287 286/286/286
f 288/288/288 287/287/287 282/282/282
f 289/289/289 290/290/290 291/291/291
f 292/292/292 287/287/287 288/288/288
f 293/293/293 294/294/294 295/295/295
f 296/296/296 290/290/290 289/289/289
f 297/297/297 294/294/294 293/293/293
f 298/298/298 249/249/249 299/299/299
f 300/300/300 252/252/252 301/301/301
f 302/302/302 253/253/253 252/252/252
f 302/302/302 252/252/252 300/300/300
f 303/303/303 304/304/304 305/305/305
f 306/306/306 253/253/253 302/302/302
f 307/307/307 211/211/211 213/213/213
f 308/308/308 304/304/304 303/303/303
f 309/309/309 310/310/310 257/257/257
f 311/311/311 214/214/214 217/217/217
f 309/309/309 257/257/257 259/259/259
f 312/312/312 267/267/267 263/263/263
f 313/313/313 310/310/310 309/309/309
f 314/314/314 315/315/315 316/316/316
f 317/317/317 267/267/267 312/312/312
f 318/318/318 319/319/319 320/320/320
f 321/321/321 315/315/315 314/314/314
f 322/322/322 274/274/274 270/270/270
f 323/323/323 319/319/319 318/318/318
f 324/324/324 274/274/274 322/322/322
f 325/325/325 326/326/326 327/327/327
f 328/328/328 274/274/274 324/324/324
f 329/329/329 276/276/276 275/275/275
f 330/330/330 326/326/326 325/325/325
f 331/331/331 332/332/332 333/333/333
f 334/334/334 276/276/276 329/329/329
f 335/335/335 281/281/281 277/277/277
f 336/336/336 332/332/332 331/331/331
f 335/335/335 337/337/337 338/338/338
f 335/335/335 338/338/338 281/281/281
f 339/339/339 293/293/293 340/340/340
f 341/341/341 337/337/337 335/335/335
f 339/339/339 340/340/340 342/342/342
f 343/343/343 344/344/344 345/345/345
f 346/346/346 293/293/293 339/339/339
f 347/347/347 298/298/298 299/299/299
f 347/347/347 348/348/348 298/298/298
f 349/349/349 350/350/350 351/351/351
f 352/352/352 348/348/348 347/347/347
f 349/349/349 307/307/307 350/350/350
f 353/353/353 211/211/211 307/307/307
f 353/353/353 307/307/307 349/349/349
f 354/354/354 355/355/355 311/311/311
f 354/354/354 311/311/311 217/217/217
f 354/354/354 356/356/356 355/355/355
f 354/354/354 357/357/357 356/356/356
f 358/358/358 359/359/359 360/360/360
f 361/361/361 357/357/357 354/354/354
f 362/362/362 363/363/363 364/364/364
f 365/365/365 359/359/359 358/358/358
f 366/366/366 325/325/325 367/367/367
f 368/368/368 363/363/363 362/362/362
f 369/369/369 370/370/370 371/371/371
f 372/372/372 325/325/325 366/366/366
f 369/369/369 373/373/373 370/370/370
f 369/369/369 374/374/374 373/373/373
f 369/369/369 375/375/375 374/374/374
f 369/369/369 343/343/343 375/375/375
f 376/376/376 344/344/344 343/343/343
f 376/376/376 343/343/343 369/369/369
f 377/377/377 378/378/378 379/379/379
f 380/380/380 378/378/378 377/377/377
f 381/381/381 382/382/382 383/383/383
f 384/384/384 382/382/382 381/381/381
f 385/385/385 386/386/386 387/387/387
f 388/388/388 377/377/377 379/379/379
f 389/389/389 386/386/386 385/385/385
f 390/390/390 391/391/391 392/392/392
f 393/393/393 377/377/377 388/388/388
f 394/394/394 391/391/391 390/390/390
f 395/395/395 388/388/388 396/396/396
f 395/395/395 393/393/393 388/388/388
f 395/395/395 397/397/397 393/393/393
f 398/398/398 397/397/397 395/395/395
f 399/399/399 397/397/397 398/398/398
f 400/400/400 381/381/381 383/383/383
f 401/401/401 402/402/402 403/403/403
f 404/404/404 381/381/381 400/400/400
f 405/405/405 402/402/402 401/401/401
f 406/406/406 407/407/407 408/408/408
f 408/408/408 407/407/407 409/409/409
f 410/410/410 411/411/411 412/412/412
f 409/409/409 407/407/407 413/413/413
f 412/412/412 411/411/411 414/414/414
f 415/415/415 416/416/416 417/417/417
f 417/417/417 416/416/416 418/418/418
f 419/419/419 420/420/420 421/421/421
f 418/418/418 416/416/416 422/422/422
f 421/421/421 420/420/420 423/423/423
f 424/424/424 425/425/425 426/426/426
f 418/418/418 422/422/422 427/427/427
f 426/426/426 425/425/425 428/428/428
f 422/422/422 429/429/429 427/427/427
f 427/427/427 429/429/429 430/430/430
f 430/430/430 429/429/429 431/431/431
f 432/432/432 433/433/433 434/434/434
f 413/413/413 435/435/435 436/436/436
f 434/434/434 433/433/433 437/437/437
f 409/409/409 413/413/413 436/436/436
f 436/436/436 435/435/435 438/438/438
f 439/439/439 427/427/427 440/440/440
f 427/427/427 430/430/430 440/440/440
f 441/441/441 442/442/442 443/443/443
f 440/440/440 430/430/430 444/444/444
f 443/443/443 442/442/442 445/445/445
f 446/446/446 447/447/447 448/448/448
f 449/449/449 450/450/450 451/451/451
f 451/451/451 450/450/450 452/452/452
f 453/453/453 454/454/454 455/455/455
f 456/456/456 457/457/457 458/458/458
f 455/455/455 454/454/454 459/459/459
f 460/460/460 461/461/461 462/462/462
f 458/458/458 457/457/457 463/463/463
f 462/462/462 461/461/461 464/464/464
f 465/465/465 466/466/466 467/467/467
f 446/446/446 448/448/448 468/468/468
f 467/467/467 466/466/466 469/469/469
f 463/463/463 470/470/470 471/471/471
f 472/472/472 473/473/473 474/474/474
f 471/471/471 470/470/470 475/475/475
f 476/476/476 477/477/477 478/478/478
f 446/446/446 468/468/468 479/479/479
f 478/478/478 477/477/477 480/480/480
f 481/481/481 482/482/482 483/483/483
f 479/479/479 468/468/468 484/484/484
f 483/483/483 482/482/482 485/485/485
f 486/486/486 487/487/487 488/488/488
f 472/472/472 474/474/474 489/489/489
f 488/488/488 487/487/487 490/490/490
f 491/491/491 492/492/492 493/493/493
f 489/489/489 474/474/474 494/494/494
f 495/495/495 479/479/479 496/496/496
f 497/497/497 498/498/498 499/499/499
f 496/496/496 479/479/479 500/500/500
f 483/483/483 485/485/485 501/501/501
f 499/499/499 498/498/498 502/502/502
f 485/485/485 503/503/503 501/501/501
f 504/504/504 505/505/505 506/506/506
f 501/501/501 503/503/503 507/507/507
f 508/508/508 509/509/509 510/510/510
f 506/506/506 505/505/505 511/511/511
f 512/512/512 513/513/513 514/514/514
f 510/510/510 509/509/509 515/515/515
f 516/516/516 517/517/517 518/518/518
f 514/514/514 513/513/513 519/519/519
f 520/520/520 521/521/521 522/522/522
f 518/518/518 517/517/517 523/523/523
f 524/524/524 525/525/525 526/526/526
f 522/522/522 521/521/521 527/527/527
f 528/528/528 529/529/529 530/530/530
f 526/526/526 525/525/525 531/531/531
f 532/532/532 533/533/533 534/534/534
f 530/530/530 529/529/529 535/535/535
f 534/534/534 533/533/533 536/536/536
f 537/537/537 538/538/538 539/539/539
f 536/536/536 533/533/533 540/540/540
f 539/539/539 538/538/538 541/541/541
f 542/542/542 543/543/543 544/544/544
f 541/541/541 538/538/538 545/545/545
f 546/546/546 547/547/547 548/548/548
f 544/544/544 543/543/543 549/549/549
f 548/548/548 547/547/547 550/550/550
f 550/550/550 547/547/547 551/551/551
f 551/551/551 547/547/547 552/552/552
f 553/553/553 554/554/554 555/555/555
f 552/552/552 547/547/547 556/556/556
f 555/555/555 554/554/554 557/557/557
f 558/558/558 559/559/559 560/560/560
f 557/557/557 554/554/554 561/561/561
f 562/562/562 488/488/488 563/563/563
f 560/560/560 559/559/559 564/564/564
f 565/565/565 566/566/566 567/567/567
f 563/563/563 488/488/488 568/568/568
f 569/569/569 570/570/570 571/571/571
f 567/567/567 566/566/566 572/572/572
f 573/573/573 574/574/574 575/575/575
f 499/499/499 502/502/502 576/576/576
f 575/575/575 574/574/574 577/577/577
f 502/502/502 578/578/578 576/576/576
f 579/579/579 580/580/580 581/581/581
f 576/576/576 578/578/578 582/582/582
f 583/583/583 584/584/584 585/585/585
f 581/581/581 580/580/580 586/586/586
f 587/587/587 588/588/588 589/589/589
f 585/585/585 584/584/584 590/590/590
f 588/588/588 591/591/591 589/589/589
f 591/591/591 592/592/592 589/589/589
f 589/589/589 592/592/592 593/593/593
f 594/594/594 595/595/595 596/596/596
f 593/593/593 592/592/592 597/597/597
f 598/598/598 599/599/599 600/600/600
f 596/596/596 595/595/595 601/601/601
f 602/602/602 598/598/598 600/600/600
f 603/603/603 604/604/604 605/605/605
f 600/600/600 599/599/599 606/606/606
f 607/607/607 603/603/603 605/605/605
f 608/608/608 609/609/609 610/610/610
f 605/605/605 604/604/604 611/611/611
f 612/612/612 613/613/613 614/614/614
f 610/610/610 609/609/609 615/615/615
f 616/616/616 612/612/612 614/614/614
f 617/617/617 618/618/618 619/619/619
f 614/614/614 613/613/613 620/620/620
f 621/621/621 622/622/622 623/623/623
f 619/619/619 618/618/618 624/624/624
f 625/625/625 626/626/626 627/627/627
f 623/623/623 622/622/622 628/628/628
f 629/629/629 625/625/625 627/627/627
f 630/630/630 631/631/631 632/632/632
f 627/627/627 626/626/626 633/633/633
f 631/631/631 634/634/634 632/632/632
f 634/634/634 635/635/635 632/632/632
f 635/635/635 636/636/636 632/632/632
f 571/571/571 570/570/570 637/637/637
f 632/632/632 636/636/636 638/638/638
f 493/493/493 492/492/492 639/639/639
f 637/637/637 570/570/570 640/640/640
f 639/639/639 492/492/492 641/641/641
f 642/642/642 643/643/643 644/644/644
f 643/643/643 645/645/645 644/644/644
f 644/644/644 645/645/645 646/646/646
f 647/647/647 648/648/648 649/649/649
f 646/646/646 645/645/645 650/650/650
f 651/651/651 647/647/647 649/649/649
f 652/652/652 653/653/653 654/654/654
f 649/649/649 648/648/648 655/655/655
f 654/654/654 653/653/653 656/656/656
f 657/657/657 658/658/658 659/659/659
f 660/660/660 661/661/661 659/659/659
f 658/658/658 662/662/662 659/659/659
f 662/662/662 660/660/660 659/659/659
f 661/661/661 663/663/663 659/659/659
f 664/664/664 665/665/665 659/659/659
f 666/666/666 667/667/667 668/668/668
f 669/669/669 666/666/666 668/668/668
f 670/670/670 657/657/657 659/659/659
f 671/671/671 670/670/670 659/659/659
f 665/665/665 671/671/671 659/659/659
f 663/663/663 672/672/672 659/659/659
f 659/659/659 672/672/672 673/673/673
f 673/673/673 672/672/672 674/674/674
f 674/674/674 672/672/672 675/675/675
f 675/675/675 672/672/672 676/676/676
f 676/676/676 672/672/672 677/677/677
f 677/677/677 672/672/672 678/678/678
f 678/678/678 672/672/672 679/679/679
f 679/679/679 672/672/672 680/680/680
f 680/680/680 672/672/672 681/681/681
f 681/681/681 672/672/672 682/682/682
f 682/682/682 672/672/672 683/683/683
f 655/655/655 684/684/684 685/685/685
f 686/686/686 687/687/687 688/688/688
f 689/689/689 686/686/686 688/688/688
f 656/656/656 653/653/653 690/690/690
f 685/685/685 684/684/684 691/691/691
f 669/669/669 668/668/668 692/692/692
f 690/690/690 653/653/653 693/693/693
f 668/668/668 694/694/694 692/692/692
f 692/692/692 694/694/694 695/695/695
f 695/695/695 694/694/694 696/696/696
f 697/697/697 698/698/698 699/699/699
f 696/696/696 694/694/694 700/700/700
f 701/701/701 702/702/702 703/703/703
f 699/699/699 698/698/698 704/704/704
f 705/705/705 706/706/706 707/707/707
f 703/703/703 702/702/702 708/708/708
f 707/707/707 706/706/706 709/709/709
f 710/710/710 711/711/711 712/712/712
f 709/709/709 706/706/706 713/713/713
f 714/714/714 715/715/715 716/716/716
f 712/712/712 711/711/711 717/717/717
f 716/716/716 715/715/715 718/718/718
f 719/719/719 720/720/720 721/721/721
f 718/718/718 715/715/715 722/722/722
f 723/723/723 724/724/724 725/725/725
f 721/721/721 720/720/720 726/726/726
f 727/727/727 728/728/728 729/729/729
f 725/725/725 724/724/724 730/730/730
f 729/729/729 728/728/728 731/731/731
f 731/731/731 728/728/728 732/732/732
f 733/733/733 734/734/734 735/735/735
f 732/732/732 728/728/728 736/736/736
f 737/737/737 738/738/738 739/739/739
f 735/735/735 734/734/734 740/740/740
f 739/739/739 738/738/738 741/741/741
f 741/741/741 738/738/738 742/742/742
f 743/743/743 744/744/744 745/745/745
f 642/642/642 644/644/644 746/746/746
f 689/689/689 688/688/688 747/747/747
f 745/745/745 744/744/744 748/748/748
f 688/688/688 749/749/749 747/747/747
f 747/747/747 749/749/749 750/750/750
f 690/690/690 693/693/693 751/751/751
f 750/750/750 749/749/749 752/752/752
f 695/695/695 696/696/696 753/753/753
f 754/754/754 755/755/755 756/756/756
f 757/757/757 758/758/758 759/759/759
f 753/753/753 696/696/696 760/760/760
f 761/761/761 762/762/762 763/763/763
f 759/759/759 758/758/758 764/764/764
f 765/765/765 766/766/766 767/767/767
f 763/763/763 762/762/762 768/768/768
f 769/769/769 765/765/765 767/767/767
f 767/767/767 766/766/766 770/770/770
f 709/709/709 713/713/713 771/771/771
f 770/770/770 766/766/766 772/772/772
f 773/773/773 774/774/774 775/775/775
f 771/771/771 713/713/713 776/776/776
f 716/716/716 718/718/718 777/777/777
f 775/775/775 774/774/774 778/778/778
f 779/779/779 721/721/721 780/780/780
f 777/777/777 718/718/718 781/781/781
f 782/782/782 783/783/783 784/784/784
f 780/780/780 721/721/721 785/785/785
f 725/725/725 730/730/730 786/786/786
f 784/784/784 783/783/783 787/787/787
f 730/730/730 788/788/788 786/786/786
f 789/789/789 790/790/790 791/791/791
f 786/786/786 788/788/788 792/792/792
f 732/732/732 736/736/736 793/793/793
f 791/791/791 790/790/790 794/794/794
f 795/795/795 796/796/796 797/797/797
f 793/793/793 736/736/736 798/798/798
f 739/739/739 741/741/741 799/799/799
f 797/797/797 796/796/796 800/800/800
f 801/801/801 802/802/802 803/803/803
f 799/799/799 741/741/741 804/804/804
f 642/642/642 746/746/746 805/805/805
f 806/806/806 807/807/807 805/805/805
f 746/746/746 806/806/806 805/805/805
f 808/808/808 809/809/809 810/810/810
f 805/805/805 807/807/807 811/811/811
f 751/751/751 693/693/693 812/812/812
f 810/810/810 809/809/809 813/813/813
f 754/754/754 756/756/756 814/814/814
f 812/812/812 693/693/693 815/815/815
f 756/756/756 816/816/816 814/814/814
f 816/816/816 817/817/817 814/814/814
f 818/818/818 819/819/819 820/820/820
f 814/814/814 817/817/817 821/821/821
f 819/819/819 822/822/822 820/820/820
f 823/823/823 824/824/824 825/825/825
f 820/820/820 822/822/822 826/826/826
f 824/824/824 775/775/775 825/825/825
f 827/827/827 828/828/828 829/829/829
f 825/825/825 775/775/775 830/830/830
f 831/831/831 827/827/827 829/829/829
f 832/832/832 833/833/833 829/829/829
f 833/833/833 803/803/803 829/829/829
f 834/834/834 835/835/835 829/829/829
f 828/828/828 836/836/836 829/829/829
f 836/836/836 832/832/832 829/829/829
f 837/837/837 831/831/831 829/829/829
f 835/835/835 837/837/837 829/829/829
f 803/803/803 802/802/802 838/838/838
f 829/829/829 803/803/803 838/838/838
f 839/839/839 840/840/840 841/841/841
f 842/842/842 840/840/840 839/839/839
f 843/843/843 844/844/844 845/845/845
f 846/846/846 840/840/840 842/842/842
f 847/847/847 848/848/848 849/849/849
f 850/850/850 844/844/844 843/843/843
f 851/851/851 848/848/848 847/847/847
f 852/852/852 853/853/853 854/854/854
f 855/855/855 848/848/848 851/851/851
f 856/856/856 853/853/853 852/852/852
f 857/857/857 858/858/858 859/859/859
f 860/860/860 853/853/853 856/856/856
f 861/861/861 858/858/858 857/857/857
f 862/862/862 863/863/863 864/864/864
f 865/865/865 843/843/843 866/866/866
f 867/867/867 863/863/863 862/862/862
f 865/865/865 868/868/868 850/850/850
f 865/865/865 850/850/850 843/843/843
f 869/869/869 868/868/868 865/865/865
f 870/870/870 871/871/871 872/872/872
f 873/873/873 868/868/868 869/869/869
f 874/874/874 856/856/856 852/852/852
f 875/875/875 871/871/871 870/870/870
f 876/876/876 877/877/877 878/878/878
f 879/879/879 880/880/880 881/881/881
f 882/882/882 877/877/877 876/876/876
f 883/883/883 884/884/884 885/885/885
f 886/886/886 880/880/880 879/879/879
f 887/887/887 888/888/888 873/873/873
f 889/889/889 884/884/884 883/883/883
f 890/890/890 856/856/856 874/874/874
f 891/891/891 888/888/888 887/887/887
f 892/892/892 858/858/858 861/861/861
f 893/893/893 894/894/894 895/895/895
f 896/896/896 858/858/858 892/892/892
f 897/897/897 889/889/889 883/883/883
f 898/898/898 899/899/899 900/900/900
f 901/901/901 889/889/889 897/897/897
f 902/902/902 856/856/856 890/890/890
f 903/903/903 899/899/899 898/898/898
f 904/904/904 857/857/857 905/905/905
f 906/906/906 856/856/856 902/902/902
f 907/907/907 893/893/893 895/895/895
f 908/908/908 857/857/857 904/904/904
f 909/909/909 910/910/910 911/911/911
f 912/912/912 903/903/903 898/898/898
f 913/913/913 910/910/910 909/909/909
f 914/914/914 904/904/904 915/915/915
f 916/916/916 903/903/903 912/912/912
f 917/917/917 907/907/907 918/918/918
f 919/919/919 904/904/904 914/914/914
f 920/920/920 921/921/921 922/922/922
f 923/923/923 924/924/924 925/925/925
f 926/926/926 927/927/927 928/928/928
f 929/929/929 924/924/924 923/923/923
f 930/930/930 920/920/920 922/922/922
f 931/931/931 932/932/932 933/933/933
f 934/934/934 927/927/927 926/926/926
f 935/935/935 932/932/932 931/931/931
f 936/936/936 893/893/893 907/907/907
f 937/937/937 938/938/938 939/939/939
f 936/936/936 907/907/907 917/917/917
f 940/940/940 938/938/938 937/937/937
f 941/941/941 936/936/936 917/917/917
f 942/942/942 943/943/943 944/944/944
f 945/945/945 943/943/943 942/942/942
f 946/946/946 947/947/947 948/948/948
f 949/949/949 930/930/930 922/922/922
f 950/950/950 927/927/927 934/934/934
f 951/951/951 947/947/947 946/946/946
f 952/952/952 953/953/953 954/954/954
f 955/955/955 941/941/941 917/917/917
f 956/956/956 953/953/953 952/952/952
f 957/957/957 949/949/949 922/922/922
f 958/958/958 959/959/959 960/960/960
f 961/961/961 949/949/949 957/957/957
f 962/962/962 927/927/927 950/950/950
f 963/963/963 959/959/959 958/958/958
f 964/964/964 955/955/955 917/917/917
f 965/965/965 927/927/927 962/962/962
f 966/966/966 967/967/967 968/968/968
f 969/969/969 963/963/963 958/958/958
f 970/970/970 967/967/967 966/966/966
f 971/971/971 972/972/972 973/973/973
f 974/974/974 963/963/963 969/969/969
f 975/975/975 955/955/955 964/964/964
f 976/976/976 972/972/972 971/971/971
f 977/977/977 978/978/978 979/979/979
f 980/980/980 974/974/974 969/969/969
f 981/981/981 978/978/978 977/977/977
f 982/982/982 983/983/983 984/984/984
f 985/985/985 974/974/974 980/980/980
f 986/986/986 987/987/987 988/988/988
f 989/989/989 955/955/955 975/975/975
f 990/990/990 987/987/987 986/986/986
f 991/991/991 992/992/992 993/993/993
f 994/994/994 977/977/977 995/995/995
f 996/996/996 992/992/992 991/991/991
f 994/994/994 981/981/981 977/977/977
f 997/997/997 981/981/981 994/994/994
f 998/998/998 999/999/999 1000/1000/1000
f 1001/1001/1001 981/981/981 997/997/997
f 1002/1002/1002 983/983/983 982/982/982
f 1003/1003/1003 989/989/989 975/975/975
f 1004/1004/1004 989/989/989 1003/1003/1003
f 1005/1005/1005 1006/1006/1006 1007/1007/1007
f 1005/1005/1005 1007/1007/1007 1008/1008/1008
f 1009/1009/1009 1010/1010/1010 1011/1011/1011
f 1012/1012/1012 1006/1006/1006 1005/1005/1005
f 1013/1013/1013 999/999/999 998/998/998
f 1014/1014/1014 1010/1010/1010 1009/1009/1009
f 1015/1015/1015 1002/1002/1002 982/982/982
f 1016/1016/1016 999/999/999 1013/1013/1013
f 1017/1017/1017 1018/1018/1018 1019/1019/1019
f 1020/1020/1020 1002/1002/1002 1015/1015/1015
f 1021/1021/1021 989/989/989 1004/1004/1004
f 1022/1022/1022 1018/1018/1018 1017/1017/1017
f 1023/1023/1023 1024/1024/1024 1025/1025/1025
f 1026/1026/1026 989/989/989 1021/1021/1021
f 1027/1027/1027 1028/1028/1028 1029/1029/1029
f 1030/1030/1030 1013/1013/1013 1012/1012/1012
f 1031/1031/1031 1028/1028/1028 1027/1027/1027
f 1032/1032/1032 1033/1033/1033 1034/1034/1034
f 1035/1035/1035 1013/1013/1013 1030/1030/1030
f 1036/1036/1036 1037/1037/1037 1020/1020/1020
f 1038/1038/1038 1033/1033/1033 1032/1032/1032
f 1036/1036/1036 1020/1020/1020 1015/1015/1015
f 1036/1036/1036 1023/1023/1023 1037/1037/1037
f 1039/1039/1039 1024/1024/1024 1023/1023/1023
f 1039/1039/1039 1023/1023/1023 1036/1036/1036
f 1040/1040/1040 1041/1041/1041 1042/1042/1042
f 1043/1043/1043 1044/1044/1044 1045/1045/1045
f 1046/1046/1046 1041/1041/1041 1040/1040/1040
f 1047/1047/1047 1048/1048/1048 1049/1049/1049
f 1050/1050/1050 1044/1044/1044 1043/1043/1043
f 1051/1051/1051 1048/1048/1048 1047/1047/1047
f 1052/1052/1052 1043/1043/1043 1053/1053/1053
f 1052/1052/1052 1050/1050/1050 1043/1043/1043
f 1052/1052/1052 1054/1054/1054 1050/1050/1050
f 1055/1055/1055 1054/1054/1054 1052/1052/1052
f 1056/1056/1056 1052/1052/1052 1053/1053/1053
f 1057/1057/1057 1058/1058/1058 1059/1059/1059
f 1060/1060/1060 1052/1052/1052 1056/1056/1056
f 1061/1061/1061 1054/1054/1054 1055/1055/1055
f 1062/1062/1062 1058/1058/1058 1057/1057/1057
f 1063/1063/1063 1054/1054/1054 1061/1061/1061
f 1064/1064/1064 1065/1065/1065 1066/1066/1066
f 1067/1067/1067 1065/1065/1065 1064/1064/1064
f 1068/1068/1068 1064/1064/1064 1066/1066/1066
f 1069/1069/1069 1070/1070/1070 1071/1071/1071
f 1072/1072/1072 1064/1064/1064 1068/1068/1068
f 1073/1073/1073 1070/1070/1070 1069/1069/1069
f 1074/1074/1074 1075/1075/1075 1076/1076/1076
f 1077/1077/1077 1078/1078/1078 1079/1079/1079
f 1076/1076/1076 1075/1075/1075 1080/1080/1080
f 1079/1079/1079 1078/1078/1078 1081/1081/1081
f 1082/1082/1082 1079/1079/1079 1083/1083/1083
f 1079/1079/1079 1081/1081/1081 1083/1083/1083
f 1083/1083/1083 1081/1081/1081 1084/1084/1084
f 1085/1085/1085 1086/1086/1086 1087/1087/1087
f 1084/1084/1084 1081/1081/1081 1088/1088/1088
f 1087/1087/1087 1086/1086/1086 1089/1089/1089
f 1088/1088/1088 1081/1081/1081 1090/1090/1090
f 1091/1091/1091 1092/1092/1092 1093/1093/1093
f 1094/1094/1094 1095/1095/1095 1096/1096/1096
f 1097/1097/1097 1098/1098/1098 1099/1099/1099
f 1096/1096/1096 1095/1095/1095 1100/1100/1100
f 1091/1091/1091 1093/1093/1093 1101/1101/1101
f 1093/1093/1093 1099/1099/1099 1101/1101/1101
f 1101/1101/1101 1099/1099/1099 1102/1102/1102
f 1099/1099/1099 1098/1098/1098 1103/1103/1103
f 1102/1102/1102 1099/1099/1099 1103/1103/1103
f 1103/1103/1103 1098/1098/1098 1104/1104/1104
f 1105/1105/1105 1106/1106/1106 1107/1107/1107
f 1102/1102/1102 1103/1103/1103 1108/1108/1108
f 1107/1107/1107 1106/1106/1106 1109/1109/1109
f 1110/1110/1110 1111/1111/1111 1112/1112/1112
f 1108/1108/1108 1103/1103/1103 1113/1113/1113
f 1112/1112/1112 1111/1111/1111 1114/1114/1114
f 1115/1115/1115 1116/1116/1116 1117/1117/1117
f 1117/1117/1117 1116/1116/1116 1118/1118/1118
f 1119/1119/1119 1120/1120/1120 1121/1121/1121
f 1118/1118/1118 1116/1116/1116 1122/1122/1122
f 1123/1123/1123 1124/1124/1124 1125/1125/1125
f 1121/1121/1121 1120/1120/1120 1126/1126/1126
f 1127/1127/1127 1128/1128/1128 1129/1129/1129
f 1125/1125/1125 1124/1124/1124 1130/1130/1130
f 1131/1131/1131 1132/1132/1132 1133/1133/1133
f 1134/1134/1134 1135/1135/1135 1136/1136/1136
f 1133/1133/1133 1132/1132/1132 1137/1137/1137
f 1138/1138/1138 1139/1139/1139 1140/1140/1140
f 1140/1140/1140 1139/1139/1139 1141/1141/1141
f 1142/1142/1142 1143/1143/1143 1144/1144/1144
f 1141/1141/1141 1139/1139/1139 1145/1145/1145
f 1143/1143/1143 1146/1146/1146 1144/1144/1144
f 1126/1126/1126 1147/1147/1147 1148/1148/1148
f 1144/1144/1144 1146/1146/1146 1149/1149/1149
f 1129/1129/1129 1128/1128/1128 1150/1150/1150
f 1148/1148/1148 1147/1147/1147 1151/1151/1151
f 1134/1134/1134 1136/1136/1136 1152/1152/1152
f 1150/1150/1150 1128/1128/1128 1153/1153/1153
f 1154/1154/1154 1155/1155/1155 1156/1156/1156
f 1152/1152/1152 1136/1136/1136 1157/1157/1157
f 1158/1158/1158 1159/1159/1159 1160/1160/1160
f 1161/1161/1161 1162/1162/1162 1163/1163/1163
f 1160/1160/1160 1159/1159/1159 1164/1164/1164
f 1165/1165/1165 1166/1166/1166 1167/1167/1167
f 1163/1163/1163 1162/1162/1162 1168/1168/1168
f 1167/1167/1167 1166/1166/1166 1169/1169/1169
f 1156/1156/1156 1155/1155/1155 1170/1170/1170
f 1171/1171/1171 1172/1172/1172 1173/1173/1173
f 1137/1137/1137 1132/1132/1132 1174/1174/1174
f 1170/1170/1170 1155/1155/1155 1175/1175/1175
f 1174/1174/1174 1132/1132/1132 1176/1176/1176
f 1169/1169/1169 1166/1166/1166 1177/1177/1177
f 1149/1149/1149 1178/1178/1178 1179/1179/1179
f 1177/1177/1177 1166/1166/1166 1180/1180/1180
f 1171/1171/1171 1173/1173/1173 1181/1181/1181
f 1182/1182/1182 1183/1183/1183 1184/1184/1184
f 1185/1185/1185 1182/1182/1182 1184/1184/1184
f 1184/1184/1184 1183/1183/1183 1186/1186/1186
f 1186/1186/1186 1183/1183/1183 1187/1187/1187
f 1150/1150/1150 1153/1153/1153 1188/1188/1188
f 1171/1171/1171 1181/1181/1181 1189/1189/1189
f 1190/1190/1190 1191/1191/1191 1192/1192/1192
f 1189/1189/1189 1181/1181/1181 1193/1193/1193
f 1194/1194/1194 1195/1195/1195 1196/1196/1196
f 1179/1179/1179 1178/1178/1178 1197/1197/1197
f 1196/1196/1196 1195/1195/1195 1198/1198/1198
f 1150/1150/1150 1188/1188/1188 1199/1199/1199
f 1197/1197/1197 1178/1178/1178 1200/1200/1200
f 1201/1201/1201 1202/1202/1202 1203/1203/1203
f 1204/1204/1204 1205/1205/1205 1206/1206/1206
f 1199/1199/1199 1188/1188/1188 1207/1207/1207
f 1206/1206/1206 1205/1205/1205 1208/1208/1208
f 1192/1192/1192 1191/1191/1191 1209/1209/1209
f 1210/1210/1210 1192/1192/1192 1209/1209/1209
f 1211/1211/1211 1212/1212/1212 1213/1213/1213
f 1209/1209/1209 1191/1191/1191 1214/1214/1214
f 1201/1201/1201 1203/1203/1203 1215/1215/1215
f 1216/1216/1216 1217/1217/1217 1218/1218/1218
f 1215/1215/1215 1203/1203/1203 1219/1219/1219
f 1207/1207/1207 1188/1188/1188 1220/1220/1220
f 1218/1218/1218 1217/1217/1217 1221/1221/1221
f 1210/1210/1210 1209/1209/1209 1222/1222/1222
f 1220/1220/1220 1188/1188/1188 1223/1223/1223
f 1224/1224/1224 1225/1225/1225 1226/1226/1226
f 1222/1222/1222 1209/1209/1209 1227/1227/1227
f 1213/1213/1213 1212/1212/1212 1228/1228/1228
f 1226/1226/1226 1225/1225/1225 1229/1229/1229
f 1230/1230/1230 1231/1231/1231 1232/1232/1232
f 1233/1233/1233 1234/1234/1234 1235/1235/1235
f 1232/1232/1232 1231/1231/1231 1236/1236/1236
f 1237/1237/1237 1226/1226/1226 1238/1238/1238
f 1239/1239/1239 1240/1240/1240 1241/1241/1241
f 1228/1228/1228 1212/1212/1212 1242/1242/1242
f 1241/1241/1241 1240/1240/1240 1243/1243/1243
f 1235/1235/1235 1234/1234/1234 1244/1244/1244
f 1245/1245/1245 1246/1246/1246 1247/1247/1247
f 1220/1220/1220 1223/1223/1223 1248/1248/1248
f 1244/1244/1244 1234/1234/1234 1249/1249/1249
f 1245/1245/1245 1247/1247/1247 1250/1250/1250
f 1251/1251/1251 1252/1252/1252 1253/1253/1253
f 1248/1248/1248 1223/1223/1223 1254/1254/1254
f 1253/1253/1253 1252/1252/1252 1255/1255/1255
f 1237/1237/1237 1238/1238/1238 1256/1256/1256
f 1254/1254/1254 1223/1223/1223 1257/1257/1257
f 1258/1258/1258 1259/1259/1259 1260/1260/1260
f 1256/1256/1256 1238/1238/1238 1261/1261/1261
f 1242/1242/1242 1212/1212/1212 1262/1262/1262
f 1260/1260/1260 1259/1259/1259 1263/1263/1263
f 1245/1245/1245 1250/1250/1250 1264/1264/1264
f 1265/1265/1265 1266/1266/1266 1267/1267/1267
f 1264/1264/1264 1250/1250/1250 1268/1268/1268
f 1254/1254/1254 1257/1257/1257 1269/1269/1269
f 1267/1267/1267 1266/1266/1266 1270/1270/1270
f 1271/1271/1271 1272/1272/1272 1273/1273/1273
f 1274/1274/1274 1260/1260/1260 1275/1275/1275
f 1269/1269/1269 1257/1257/1257 1276/1276/1276
f 1261/1261/1261 1277/1277/1277 1278/1278/1278
f 1275/1275/1275 1260/1260/1260 1279/1279/1279
f 1280/1280/1280 1281/1281/1281 1282/1282/1282
f 1283/1283/1283 1284/1284/1284 1285/1285/1285
f 1282/1282/1282 1281/1281/1281 1286/1286/1286
f 1285/1285/1285 1284/1284/1284 1287/1287/1287
f 1273/1273/1273 1272/1272/1272 1288/1288/1288
f 1287/1287/1287 1284/1284/1284 1289/1289/1289
f 1290/1290/1290 1291/1291/1291 1292/1292/1292
f 1288/1288/1288 1272/1272/1272 1293/1293/1293
f 1269/1269/1269 1276/1276/1276 1294/1294/1294
f 1292/1292/1292 1291/1291/1291 1295/1295/1295
f 1296/1296/1296 1297/1297/1297 1298/1298/1298
f 1299/1299/1299 1300/1300/1300 1301/1301/1301
f 1298/1298/1298 1297/1297/1297 1302/1302/1302
f 1303/1303/1303 1304/1304/1304 1305/1305/1305
f 1301/1301/1301 1300/1300/1300 1306/1306/1306
f 1307/1307/1307 1303/1303/1303 1305/1305/1305
f 1304/1304/1304 1308/1308/1308 1305/1305/1305
f 1294/1294/1294 1276/1276/1276 1309/1309/1309
f 1305/1305/1305 1308/1308/1308 1310/1310/1310
f 1311/1311/1311 1312/1312/1312 1313/1313/1313
f 1309/1309/1309 1276/1276/1276 1314/1314/1314
f 1278/1278/1278 1277/1277/1277 1315/1315/1315
f 1313/1313/1313 1312/1312/1312 1316/1316/1316
f 1262/1262/1262 1212/1212/1212 1317/1317/1317
f 1315/1315/1315 1277/1277/1277 1318/1318/1318
f 1319/1319/1319 1320/1320/1320 1321/1321/1321
f 1302/1302/1302 1305/1305/1305 1322/1322/1322
f 1321/1321/1321 1320/1320/1320 1323/1323/1323
f 1324/1324/1324 1325/1325/1325 1326/1326/1326
f 1322/1322/1322 1305/1305/1305 1327/1327/1327
f 1309/1309/1309 1314/1314/1314 1328/1328/1328
f 1326/1326/1326 1325/1325/1325 1329/1329/1329
f 1330/1330/1330 1315/1315/1315 1331/1331/1331
f 1328/1328/1328 1314/1314/1314 1332/1332/1332
f 1333/1333/1333 1317/1317/1317 1334/1334/1334
f 1331/1331/1331 1315/1315/1315 1335/1335/1335
f 1317/1317/1317 1212/1212/1212 1336/1336/1336
f 1334/1334/1334 1317/1317/1317 1336/1336/1336
f 1337/1337/1337 1338/1338/1338 1339/1339/1339
f 1340/1340/1340 1341/1341/1341 1342/1342/1342
f 1343/1343/1343 1338/1338/1338 1337/1337/1337
f 1344/1344/1344 1345/1345/1345 1346/1346/1346
f 1347/1347/1347 1341/1341/1341 1340/1340/1340
f 1348/1348/1348 1349/1349/1349 1350/1350/1350
f 1351/1351/1351 1352/1352/1352 1353/1353/1353
f 1354/1354/1354 1349/1349/1349 1348/1348/1348
f 1355/1355/1355 1356/1356/1356 1357/1357/1357
f 1358/1358/1358 1352/1352/1352 1351/1351/1351
f 1359/1359/1359 1356/1356/1356 1355/1355/1355
f 1360/1360/1360 1361/1361/1361 1362/1362/1362
f 1363/1363/1363 1344/1344/1344 1364/1364/1364
f 1365/1365/1365 1361/1361/1361 1360/1360/1360
f 1366/1366/1366 1345/1345/1345 1344/1344/1344
f 1366/1366/1366 1344/1344/1344 1363/1363/1363
f 1367/1367/1367 1345/1345/1345 1366/1366/1366
f 1368/1368/1368 1369/1369/1369 1370/1370/1370
f 1368/1368/1368 1371/1371/1371 1369/1369/1369
f 1372/1372/1372 1373/1373/1373 1358/1358/1358
f 1374/1374/1374 1373/1373/1373 1372/1372/1372
f 1375/1375/1375 1376/1376/1376 1377/1377/1377
f 1378/1378/1378 1366/1366/1366 1363/1363/1363
f 1379/1379/1379 1376/1376/1376 1375/1375/1375
f 1380/1380/1380 1381/1381/1381 1382/1382/1382
f 1383/1383/1383 1366/1366/1366 1378/1378/1378
f 1384/1384/1384 1381/1381/1381 1380/1380/1380
f 1385/1385/1385 1368/1368/1368 1370/1370/1370
f 1386/1386/1386 1387/1387/1387 1388/1388/1388
f 1389/1389/1389 1368/1368/1368 1385/1385/1385
f 1390/1390/1390 1387/1387/1387 1386/1386/1386
f 1391/1391/1391 1392/1392/1392 1393/1393/1393
f 1394/1394/1394 1395/1395/1395 1396/1396/1396
f 1397/1397/1397 1392/1392/1392 1391/1391/1391
f 1398/1398/1398 1395/1395/1395 1394/1394/1394
f 1399/1399/1399 1400/1400/1400 1401/1401/1401
f 1402/1402/1402 1400/1400/1400 1399/1399/1399
f 1403/1403/1403 1404/1404/1404 1405/1405/1405
f 1403/1403/1403 1406/1406/1406 1404/1404/1404
f 1407/1407/1407 1406/1406/1406 1403/1403/1403
f 1408/1408/1408 1395/1395/1395 1398/1398/1398
f 1409/1409/1409 1406/1406/1406 1407/1407/1407
f 1410/1410/1410 1395/1395/1395 1408/1408/1408
f 1411/1411/1411 1399/1399/1399 1401/1401/1401
f 1412/1412/1412 1413/1413/1413 1414/1414/1414
f 1415/1415/1415 1399/1399/1399 1411/1411/1411
f 1416/1416/1416 1413/1413/1413 1412/1412/1412
f 1417/1417/1417 1418/1418/1418 1419/1419/1419
f 1420/1420/1420 1409/1409/1409 1407/1407/1407
f 1421/1421/1421 1418/1418/1418 1417/1417/1417
f 1422/1422/1422 1423/1423/1423 1424/1424/1424
f 1425/1425/1425 1409/1409/1409 1420/1420/1420
f 1426/1426/1426 1423/1423/1423 1422/1422/1422
f 1427/1427/1427 1411/1411/1411 1401/1401/1401
f 1428/1428/1428 1412/1412/1412 1429/1429/1429
f 1430/1430/1430 1411/1411/1411 1427/1427/1427
f 1431/1431/1431 1432/1432/1432 1433/1433/1433
f 1434/1434/1434 1412/1412/1412 1428/1428/1428
f 1435/1435/1435 1432/1432/1432 1431/1431/1431
f 1436/1436/1436 1437/1437/1437 1438/1438/1438
f 1439/1439/1439 1440/1440/1440 1441/1441/1441
f 1442/1442/1442 1437/1437/1437 1436/1436/1436
f 1443/1443/1443 1444/1444/1444 1445/1445/1445
f 1446/1446/1446 1440/1440/1440 1439/1439/1439
f 1447/1447/1447 1448/1448/1448 1449/1449/1449
f 1450/1450/1450 1444/1444/1444 1443/1443/1443
f 1451/1451/1451 1452/1452/1452 1453/1453/1453
f 1454/1454/1454 1448/1448/1448 1447/1447/1447
f 1455/1455/1455 1452/1452/1452 1451/1451/1451
f 1456/1456/1456 1457/1457/1457 1458/1458/1458
f 1456/1456/1456 1459/1459/1459 1460/1460/1460
f 1456/1456/1456 1458/1458/1458 1459/1459/1459
f 1456/1456/1456 1461/1461/1461 1462/1462/1462
f 1456/1456/1456 1462/1462/1462 1457/1457/1457
f 1463/1463/1463 1461/1461/1461 1456/1456/1456
f 1464/1464/1464 1463/1463/1463 1456/1456/1456
f 1465/1465/1465 1466/1466/1466 1467/1467/1467
f 1464/1464/1464 1468/1468/1468 1463/1463/1463
f 1464/1464/1464 1456/1456/1456 1469/1469/1469
f 1470/1470/1470 1466/1466/1466 1465/1465/1465
f 1471/1471/1471 1464/1464/1464 1469/1469/1469
f 1472/1472/1472 1473/1473/1473 1474/1474/1474
f 1475/1475/1475 1473/1473/1473 1472/1472/1472
f 1476/1476/1476 1477/1477/1477 1478/1478/1478
f 1479/1479/1479 1471/1471/1471 1469/1469/1469
f 1480/1480/1480 1477/1477/1477 1476/1476/1476
f 1481/1481/1481 1482/1482/1482 1483/1483/1483
f 1484/1484/1484 1471/1471/1471 1479/1479/1479
f 1485/1485/1485 1482/1482/1482 1481/1481/1481
f 1486/1486/1486 1487/1487/1487 1488/1488/1488
f 1489/1489/1489 1484/1484/1484 1479/1479/1479
f 1490/1490/1490 1487/1487/1487 1486/1486/1486
f 1491/1491/1491 1492/1492/1492 1493/1493/1493
f 1494/1494/1494 1484/1484/1484 1489/1489/1489
f 1495/1495/1495 1492/1492/1492 1491/1491/1491
f 1496/1496/1496 1497/1497/1497 1498/1498/1498
f 1499/1499/1499 1494/1494/1494 1489/1489/1489
f 1500/1500/1500 1497/1497/1497 1496/1496/1496
f 1501/1501/1501 1502/1502/1502 1503/1503/1503
f 1504/1504/1504 1494/1494/1494 1499/1499/1499
f 1505/1505/1505 1502/1502/1502 1501/1501/1501
f 1506/1506/1506 1507/1507/1507 1508/1508/1508
f 1509/1509/1509 1504/1504/1504 1499/1499/1499
f 1510/1510/1510 1507/1507/1507 1506/1506/1506
f 1511/1511/1511 1512/1512/1512 1513/1513/1513
f 1514/1514/1514 1504/1504/1504 1509/1509/1509
f 1515/1515/1515 1512/1512/1512 1511/1511/1511
f 1516/1516/1516 1517/1517/1517 1518/1518/1518
f 1519/1519/1519 1514/1514/1514 1509/1509/1509
f 1520/1520/1520 1517/1517/1517 1516/1516/1516
f 1521/1521/1521 1522/1522/1522 1523/1523/1523
f 1524/1524/1524 1514/1514/1514 1519/1519/1519
f 1525/1525/1525 1522/1522/1522 1521/1521/1521
f 1526/1526/1526 1527/1527/1527 1528/1528/1528
f 1529/1529/1529 1524/1524/1524 1519/1519/1519
f 1530/1530/1530 1527/1527/1527 1526/1526/1526
f 1531/1531/1531 1532/1532/1532 1533/1533/1533
f 1534/1534/1534 1524/1524/1524 1529/1529/1529
f 1535/1535/1535 1532/1532/1532 1531/1531/1531
f 1536/1536/1536 1537/1537/1537 1538/1538/1538
f 1539/1539/1539 1534/1534/1534 1529/1529/1529
f 1540/1540/1540 1537/1537/1537 1536/1536/1536
f 1541/1541/1541 1542/1542/1542 1543/1543/1543
f 1544/1544/1544 1534/1534/1534 1539/1539/1539
f 1545/1545/1545 1542/1542/1542 1541/1541/1541
f 1546/1546/1546 1547/1547/1547 1548/1548/1548
f 1549/1549/1549 1534/1534/1534 1544/1544/1544
f 1550/1550/1550 1547/1547/1547 1546/1546/1546
f 1551/1551/1551 1552/1552/1552 1553/1553/1553
f 1554/1554/1554 1549/1549/1549 1544/1544/1544
f 1555/1555/1555 1552/1552/1552 1551/1551/1551
f 1556/1556/1556 1557/1557/1557 1558/1558/1558
f 1559/1559/1559 1549/1549/1549 1554/1554/1554
f 1560/1560/1560 1557/1557/1557 1556/1556/1556
f 1561/1561/1561 1562/1562/1562 1563/1563/1563
f 1564/1564/1564 1559/1559/1559 1554/1554/1554
f 1565/1565/1565 1562/1562/1562 1561/1561/1561
f 1566/1566/1566 1567/1567/1567 1568/1568/1568
f 1569/1569/1569 1559/1559/1559 1564/1564/1564
f 1570/1570/1570 1567/1567/1567 1566/1566/1566
f 1571/1571/1571 1572/1572/1572 1573/1573/1573
f 1574/1574/1574 1569/1569/1569 1564/1564/1564
f 1575/1575/1575 1572/1572/1572 1571/1571/1571
f 1576/1576/1576 1577/1577/1577 1578/1578/1578
f 1579/1579/1579 1569/1569/1569 1574/1574/1574
f 1580/1580/1580 1577/1577/1577 1576/1576/1576
f 1581/1581/1581 1582/1582/1582 1583/1583/1583
f 1584/1584/1584 1579/1579/1579 1574/1574/1574
f 1585/1585/1585 1582/1582/1582 1581/1581/1581
f 1586/1586/1586 1587/1587/1587 1588/1588/1588
f 1589/1589/1589 1579/1579/1579 1584/1584/1584
f 1590/1590/1590 1587/1587/1587 1586/1586/1586
f 1591/1591/1591 1592/1592/1592 1593/1593/1593
f 1594/1594/1594 1579/1579/1579 1589/1589/1589
f 1595/1595/1595 1592/1592/1592 1591/1591/1591
f 1596/1596/1596 1594/1594/1594 1589/1589/1589
f 1597/1597/1597 1598/1598/1598 1599/1599/1599
f 1600/1600/1600 1598/1598/1598 1597/1597/1597
f 1601/1601/1601 1602/1602/1602 1603/1603/1603
f 1604/1604/1604 1596/1596/1596 1589/1589/1589
f 1605/1605/1605 1602/1602/1602 1601/1601/1601
f 1606/1606/1606 1596/1596/1596 1604/1604/1604
f 1607/1607/1607 1596/1596/1596 1606/1606/1606
f 1608/1608/1608 1609/1609/1609 1610/1610/1610
f 1611/1611/1611 1596/1596/1596 1607/1607/1607
f 1612/1612/1612 1609/1609/1609 1608/1608/1608
f 1613/1613/1613 1607/1607/1607 1606/1606/1606
f 1614/1614/1614 1607/1607/1607 1613/1613/1613
f 1615/1615/1615 1607/1607/1607 1614/1614/1614
f 1616/1616/1616 1607/1607/1607 1615/1615/1615
f 1617/1617/1617 1607/1607/1607 1616/1616/1616
f 1618/1618/1618 1607/1607/1607 1617/1617/1617
f 1619/1619/1619 1607/1607/1607 1618/1618/1618
f 1620/1620/1620 1621/1621/1621 1622/1622/1622
f 1623/1623/1623 1624/1624/1624 1625/1625/1625
f 1626/1626/1626 1621/1621/1621 1620/1620/1620
f 1627/1627/1627 1628/1628/1628 1629/1629/1629
f 1630/1630/1630 1624/1624/1624 1623/1623/1623
f 1631/1631/1631 1632/1632/1632 1633/1633/1633
f 1634/1634/1634 1628/1628/1628 1627/1627/1627
f 1635/1635/1635 1636/1636/1636 1637/1637/1637
f 1638/1638/1638 1632/1632/1632 1631/1631/1631
f 1639/1639/1639 1640/1640/1640 1641/1641/1641
f 1642/1642/1642 1636/1636/1636 1635/1635/1635
f 1643/1643/1643 1640/1640/1640 1639/1639/1639
f 1644/1644/1644 1645/1645/1645 1646/1646/1646
f 1646/1646/1646 1645/1645/1645 1647/1647/1647
f 1648/1648/1648 1649/1649/1649 1650/1650/1650
f 1647/1647/1647 1645/1645/1645 1651/1651/1651
f 1652/1652/1652 1653/1653/1653 1654/1654/1654
f 1650/1650/1650 1649/1649/1649 1655/1655/1655
f 1656/1656/1656 1657/1657/1657 1658/1658/1658
f 1654/1654/1654 1653/1653/1653 1659/1659/1659
f 1660/1660/1660 1661/1661/1661 1662/1662/1662
f 1658/1658/1658 1657/1657/1657 1663/1663/1663
f 1664/1664/1664 1665/1665/1665 1666/1666/1666
f 1662/1662/1662 1661/1661/1661 1667/1667/1667
f 1666/1666/1666 1665/1665/1665 1668/1668/1668
f 1669/1669/1669 1670/1670/1670 1671/1671/1671
f 1644/1644/1644 1646/1646/1646 1672/1672/1672
f 1673/1673/1673 1674/1674/1674 1675/1675/1675
f 1671/1671/1671 1670/1670/1670 1676/1676/1676
f 1659/1659/1659 1662/1662/1662 1677/1677/1677
f 1675/1675/1675 1674/1674/1674 1678/1678/1678
f 1651/1651/1651 1654/1654/1654 1677/1677/1677
f 1662/1662/1662 1667/1667/1667 1677/1677/1677
f 1667/1667/1667 1679/1679/1679 1677/1677/1677
f 1654/1654/1654 1659/1659/1659 1677/1677/1677
f 1677/1677/1677 1679/1679/1679 1680/1680/1680
f 1680/1680/1680 1679/1679/1679 1681/1681/1681
f 1644/1644/1644 1672/1672/1672 1682/1682/1682
f 1683/1683/1683 1675/1675/1675 1684/1684/1684
f 1682/1682/1682 1672/1672/1672 1685/1685/1685
f 1678/1678/1678 1686/1686/1686 1687/1687/1687
f 1687/1687/1687 1686/1686/1686 1688/1688/1688
f 1688/1688/1688 1686/1686/1686 1689/1689/1689
f 1689/1689/1689 1686/1686/1686 1690/1690/1690
f 1690/1690/1690 1686/1686/1686 1691/1691/1691
f 1692/1692/1692 1693/1693/1693 1694/1694/1694
f 1691/1691/1691 1686/1686/1686 1695/1695/1695
f 1681/1681/1681 1679/1679/1679 1696/1696/1696
f 1694/1694/1694 1693/1693/1693 1697/1697/1697
f 1696/1696/1696 1679/1679/1679 1698/1698/1698
f 1684/1684/1684 1675/1675/1675 1699/1699/1699
f 1700/1700/1700 1701/1701/1701 1702/1702/1702
f 1676/1676/1676 1703/1703/1703 1704/1704/1704
f 1699/1699/1699 1675/1675/1675 1705/1705/1705
f 1678/1678/1678 1687/1687/1687 1706/1706/1706
f 1704/1704/1704 1703/1703/1703 1707/1707/1707
f 1708/1708/1708 1709/1709/1709 1710/1710/1710
f 1706/1706/1706 1687/1687/1687 1711/1711/1711
f 1688/1688/1688 1689/1689/1689 1712/1712/1712
f 1710/1710/1710 1709/1709/1709 1713/1713/1713
f 1712/1712/1712 1689/1689/1689 1714/1714/1714
f 1715/1715/1715 1716/1716/1716 1717/1717/1717
f 1714/1714/1714 1689/1689/1689 1718/1718/1718
f 1690/1690/1690 1691/1691/1691 1719/1719/1719
f 1717/1717/1717 1716/1716/1716 1720/1720/1720
f 1721/1721/1721 1694/1694/1694 1722/1722/1722
f 1719/1719/1719 1691/1691/1691 1723/1723/1723
f 1724/1724/1724 1725/1725/1725 1726/1726/1726
f 1722/1722/1722 1694/1694/1694 1727/1727/1727
f 1695/1695/1695 1724/1724/1724 1726/1726/1726
f 1698/1698/1698 1679/1679/1679 1728/1728/1728
f 1726/1726/1726 1725/1725/1725 1729/1729/1729
f 1668/1668/1668 1665/1665/1665 1730/1730/1730
f 1728/1728/1728 1679/1679/1679 1731/1731/1731
f 1705/1705/1705 1706/1706/1706 1732/1732/1732
f 1733/1733/1733 1710/1710/1710 1734/1734/1734
f 1712/1712/1712 1714/1714/1714 1735/1735/1735
f 1734/1734/1734 1710/1710/1710 1736/1736/1736
f 1711/1711/1711 1712/1712/1712 1735/1735/1735
f 1735/1735/1735 1714/1714/1714 1737/1737/1737
f 1717/1717/1717 1720/1720/1720 1738/1738/1738
f 1737/1737/1737 1714/1714/1714 1739/1739/1739
f 1722/1722/1722 1727/1727/1727 1738/1738/1738
f 1740/1740/1740 1717/1717/1717 1738/1738/1738
f 1720/1720/1720 1722/1722/1722 1738/1738/1738
f 1738/1738/1738 1727/1727/1727 1741/1741/1741
f 1742/1742/1742 1743/1743/1743 1744/1744/1744
f 1741/1741/1741 1727/1727/1727 1745/1745/1745
f 1746/1746/1746 1747/1747/1747 1748/1748/1748
f 1744/1744/1744 1743/1743/1743 1749/1749/1749
f 1730/1730/1730 1665/1665/1665 1750/1750/1750
f 1748/1748/1748 1747/1747/1747 1751/1751/1751
f 1750/1750/1750 1665/1665/1665 1752/1752/1752
f 1738/1738/1738 1741/1741/1741 1753/1753/1753
f 1735/1735/1735 1737/1737/1737 1754/1754/1754
f 1732/1732/1732 1735/1735/1735 1754/1754/1754
f 1755/1755/1755 1738/1738/1738 1753/1753/1753
f 1753/1753/1753 1741/1741/1741 1756/1756/1756
f 1756/1756/1756 1741/1741/1741 1757/1757/1757
f 1758/1758/1758 1759/1759/1759 1760/1760/1760
f 1757/1757/1757 1741/1741/1741 1761/1761/1761
f 1762/1762/1762 1763/1763/1763 1764/1764/1764
f 1760/1760/1760 1759/1759/1759 1765/1765/1765
f 1764/1764/1764 1763/1763/1763 1766/1766/1766
f 1749/1749/1749 1767/1767/1767 1768/1768/1768
f 1766/1766/1766 1763/1763/1763 1769/1769/1769
f 1770/1770/1770 1771/1771/1771 1772/1772/1772
f 1768/1768/1768 1767/1767/1767 1773/1773/1773
f 1700/1700/1700 1702/1702/1702 1774/1774/1774
f 1775/1775/1775 1776/1776/1776 1777/1777/1777
f 1705/1705/1705 1732/1732/1732 1778/1778/1778
f 1777/1777/1777 1776/1776/1776 1779/1779/1779
f 1732/1732/1732 1754/1754/1754 1778/1778/1778
f 1754/1754/1754 1780/1780/1780 1778/1778/1778
f 1778/1778/1778 1780/1780/1780 1781/1781/1781
f 1756/1756/1756 1757/1757/1757 1782/1782/1782
f 1781/1781/1781 1780/1780/1780 1783/1783/1783
f 1782/1782/1782 1757/1757/1757 1784/1784/1784
f 1785/1785/1785 1786/1786/1786 1787/1787/1787
f 1784/1784/1784 1757/1757/1757 1788/1788/1788
f 1760/1760/1760 1765/1765/1765 1789/1789/1789
f 1787/1787/1787 1786/1786/1786 1790/1790/1790
f 1791/1791/1791 1792/1792/1792 1793/1793/1793
f 1789/1789/1789 1765/1765/1765 1794/1794/1794
f 1766/1766/1766 1769/1769/1769 1795/1795/1795
f 1793/1793/1793 1792/1792/1792 1796/1796/1796
f 1797/1797/1797 1798/1798/1798 1799/1799/1799
f 1795/1795/1795 1769/1769/1769 1800/1800/1800
f 1772/1772/1772 1771/1771/1771 1801/1801/1801
f 1799/1799/1799 1798/1798/1798 1802/1802/1802
f 1700/1700/1700 1774/1774/1774 1803/1803/1803
f 1804/1804/1804 1778/1778/1778 1805/1805/1805
f 1806/1806/1806 1807/1807/1807 1808/1808/1808
f 1805/1805/1805 1778/1778/1778 1809/1809/1809
f 1783/1783/1783 1810/1810/1810 1811/1811/1811
f 1808/1808/1808 1807/1807/1807 1812/1812/1812
f 1781/1781/1781 1783/1783/1783 1811/1811/1811
f 1788/1788/1788 1813/1813/1813 1814/1814/1814
f 1811/1811/1811 1810/1810/1810 1815/1815/1815
f 1784/1784/1784 1788/1788/1788 1814/1814/1814
f 1816/1816/1816 1793/1793/1793 1817/1817/1817
f 1814/1814/1814 1813/1813/1813 1818/1818/1818
f 1819/1819/1819 1820/1820/1820 1821/1821/1821
f 1817/1817/1817 1793/1793/1793 1822/1822/1822
f 1823/1823/1823 1819/1819/1819 1821/1821/1821
f 1824/1824/1824 1801/1801/1801 1825/1825/1825
f 1821/1821/1821 1820/1820/1820 1826/1826/1826
f 1801/1801/1801 1771/1771/1771 1827/1827/1827
f 1825/1825/1825 1801/1801/1801 1827/1827/1827
f 1827/1827/1827 1771/1771/1771 1828/1828/1828
f 1700/1700/1700 1803/1803/1803 1829/1829/1829
f 1830/1830/1830 1831/1831/1831 1832/1832/1832
f 1829/1829/1829 1803/1803/1803 1833/1833/1833
f 1831/1831/1831 1834/1834/1834 1832/1832/1832
f 1835/1835/1835 1830/1830/1830 1832/1832/1832
f 1825/1825/1825 1827/1827/1827 1832/1832/1832
f 1836/1836/1836 1835/1835/1835 1832/1832/1832
f 1834/1834/1834 1837/1837/1837 1832/1832/1832
f 1837/1837/1837 1825/1825/1825 1832/1832/1832
f 1838/1838/1838 1839/1839/1839 1840/1840/1840
f 1832/1832/1832 1827/1827/1827 1841/1841/1841
f 1840/1840/1840 1839/1839/1839 1842/1842/1842
f 1843/1843/1843 1844/1844/1844 1845/1845/1845
f 1844/1844/1844 1846/1846/1846 1845/1845/1845
f 1846/1846/1846 1847/1847/1847 1845/1845/1845
f 1845/1845/1845 1847/1847/1847 1848/1848/1848
f 1849/1849/1849 1850/1850/1850 1851/1851/1851
f 1848/1848/1848 1847/1847/1847 1852/1852/1852
f 1851/1851/1851 1850/1850/1850 1853/1853/1853
f 1854/1854/1854 1855/1855/1855 1856/1856/1856
f 1856/1856/1856 1855/1855/1855 1857/1857/1857
f 1857/1857/1857 1855/1855/1855 1858/1858/1858
f 1854/1854/1854 1856/1856/1856 1859/1859/1859
f 1860/1860/1860 1861/1861/1861 1862/1862/1862
f 1862/1862/1862 1861/1861/1861 1863/1863/1863
f 1863/1863/1863 1861/1861/1861 1864/1864/1864
f 1864/1864/1864 1861/1861/1861 1865/1865/1865
f 1866/1866/1866 1867/1867/1867 1868/1868/1868
f 1865/1865/1865 1861/1861/1861 1869/1869/1869
f 1858/1858/1858 1855/1855/1855 1870/1870/1870
f 1868/1868/1868 1867/1867/1867 1871/1871/1871
f 1852/1852/1852 1847/1847/1847 1872/1872/1872
f 1870/1870/1870 1855/1855/1855 1873/1873/1873
f 1872/1872/1872 1847/1847/1847 1874/1874/1874
f 1843/1843/1843 1845/1845/1845 1875/1875/1875
f 1849/1849/1849 1851/1851/1851 1876/1876/1876
f 1875/1875/1875 1845/1845/1845 1877/1877/1877
f 1854/1854/1854 1859/1859/1859 1878/1878/1878
f 1876/1876/1876 1851/1851/1851 1879/1879/1879
f 1880/1880/1880 1881/1881/1881 1882/1882/1882
f 1878/1878/1878 1859/1859/1859 1883/1883/1883
f 1863/1863/1863 1864/1864/1864 1884/1884/1884
f 1882/1882/1882 1881/1881/1881 1885/1885/1885
f 1886/1886/1886 1887/1887/1887 1888/1888/1888
f 1884/1884/1884 1864/1864/1864 1889/1889/1889
f 1865/1865/1865 1869/1869/1869 1890/1890/1890
f 1888/1888/1888 1887/1887/1887 1891/1891/1891
f 1890/1890/1890 1869/1869/1869 1892/1892/1892
f 1893/1893/1893 1894/1894/1894 1895/1895/1895
f 1892/1892/1892 1869/1869/1869 1896/1896/1896
f 1895/1895/1895 1894/1894/1894 1897/1897/1897
f 1898/1898/1898 1899/1899/1899 1900/1900/1900
f 1876/1876/1876 1879/1879/1879 1901/1901/1901
f 1900/1900/1900 1899/1899/1899 1902/1902/1902
f 1885/1885/1885 1903/1903/1903 1904/1904/1904
f 1901/1901/1901 1879/1879/1879 1905/1905/1905
f 1882/1882/1882 1885/1885/1885 1904/1904/1904
f 1906/1906/1906 1882/1882/1882 1904/1904/1904
f 1903/1903/1903 1907/1907/1907 1904/1904/1904
f 1904/1904/1904 1907/1907/1907 1908/1908/1908
f 1909/1909/1909 1910/1910/1910 1911/1911/1911
f 1908/1908/1908 1907/1907/1907 1912/1912/1912
f 1913/1913/1913 1914/1914/1914 1915/1915/1915
f 1911/1911/1911 1910/1910/1910 1916/1916/1916
f 1917/1917/1917 1913/1913/1913 1915/1915/1915
f 1897/1897/1897 1894/1894/1894 1918/1918/1918
f 1915/1915/1915 1914/1914/1914 1919/1919/1919
f 1871/1871/1871 1920/1920/1920 1921/1921/1921
f 1918/1918/1918 1894/1894/1894 1922/1922/1922
f 1920/1920/1920 1923/1923/1923 1921/1921/1921
f 1921/1921/1921 1923/1923/1923 1924/1924/1924
f 1924/1924/1924 1923/1923/1923 1925/1925/1925
f 1926/1926/1926 1927/1927/1927 1928/1928/1928
f 1927/1927/1927 1929/1929/1929 1928/1928/1928
f 1930/1930/1930 1931/1931/1931 1932/1932/1932
f 1928/1928/1928 1929/1929/1929 1933/1933/1933
f 1934/1934/1934 1935/1935/1935 1936/1936/1936
f 1935/1935/1935 1937/1937/1937 1936/1936/1936
f 1937/1937/1937 1938/1938/1938 1936/1936/1936
f 1938/1938/1938 1939/1939/1939 1936/1936/1936
f 1936/1936/1936 1939/1939/1939 1940/1940/1940
f 1940/1940/1940 1939/1939/1939 1941/1941/1941
f 1942/1942/1942 1943/1943/1943 1944/1944/1944
f 1941/1941/1941 1939/1939/1939 1945/1945/1945
f 1946/1946/1946 1947/1947/1947 1948/1948/1948
f 1948/1948/1948 1947/1947/1947 1949/1949/1949
f 1950/1950/1950 1951/1951/1951 1952/1952/1952
f 1953/1953/1953 1954/1954/1954 1955/1955/1955
f 1956/1956/1956 1957/1957/1957 1958/1958/1958
f 1952/1952/1952 1951/1951/1951 1959/1959/1959
f 1958/1958/1958 1957/1957/1957 1960/1960/1960
f 1944/1944/1944 1943/1943/1943 1961/1961/1961
f 1960/1960/1960 1957/1957/1957 1962/1962/1962
f 1963/1963/1963 1964/1964/1964 1965/1965/1965
f 1961/1961/1961 1943/1943/1943 1966/1966/1966
f 1965/1965/1965 1964/1964/1964 1967/1967/1967
f 1934/1934/1934 1936/1936/1936 1968/1968/1968
f 1968/1968/1968 1936/1936/1936 1969/1969/1969
f 1958/1958/1958 1960/1960/1960 1970/1970/1970
f 1953/1953/1953 1955/1955/1955 1971/1971/1971
f 1972/1972/1972 1958/1958/1958 1970/1970/1970
f 1970/1970/1970 1960/1960/1960 1973/1973/1973
f 1974/1974/1974 1975/1975/1975 1976/1976/1976
f 1973/1973/1973 1960/1960/1960 1977/1977/1977
f 1961/1961/1961 1966/1966/1966 1978/1978/1978
f 1976/1976/1976 1975/1975/1975 1979/1979/1979
f 1980/1980/1980 1981/1981/1981 1982/1982/1982
f 1934/1934/1934 1968/1968/1968 1983/1983/1983
f 1969/1969/1969 1936/1936/1936 1984/1984/1984
f 1982/1982/1982 1981/1981/1981 1985/1985/1985
f 1953/1953/1953 1971/1971/1971 1986/1986/1986
f 1984/1984/1984 1936/1936/1936 1987/1987/1987
f 1983/1983/1983 1984/1984/1984 1987/1987/1987
f 1988/1988/1988 1989/1989/1989 1990/1990/1990
f 1986/1986/1986 1971/1971/1971 1991/1991/1991
f 1932/1932/1932 1931/1931/1931 1992/1992/1992
f 1949/1949/1949 1947/1947/1947 1993/1993/1993
f 1934/1934/1934 1983/1983/1983 1994/1994/1994
f 1992/1992/1992 1931/1931/1931 1995/1995/1995
f 1983/1983/1983 1987/1987/1987 1994/1994/1994
f 1987/1987/1987 1996/1996/1996 1994/1994/1994
f 1994/1994/1994 1996/1996/1996 1997/1997/1997
f 1997/1997/1997 1996/1996/1996 1998/1998/1998
f 1998/1998/1998 1996/1996/1996 1999/1999/1999
f 1990/1990/1990 1989/1989/1989 2000/2000/2000
f 1999/1999/1999 1996/1996/1996 2001/2001/2001
f 2002/2002/2002 2003/2003/2003 2004/2004/2004
f 1994/1994/1994 1997/1997/1997 2005/2005/2005
f 2006/2006/2006 2007/2007/2007 2008/2008/2008
f 2005/2005/2005 1997/1997/1997 2009/2009/2009
f 1998/1998/1998 1999/1999/1999 2010/2010/2010
f 2008/2008/2008 2007/2007/2007 2011/2011/2011
f 2010/2010/2010 1999/1999/1999 2012/2012/2012
f 2013/2013/2013 2014/2014/2014 2015/2015/2015
f 2012/2012/2012 1999/1999/1999 2016/2016/2016
f 2004/2004/2004 2017/2017/2017 2018/2018/2018
f 1949/1949/1949 1993/1993/1993 2019/2019/2019
f 2020/2020/2020 2021/2021/2021 2018/2018/2018
f 2017/2017/2017 2020/2020/2020 2018/2018/2018
f 2002/2002/2002 2004/2004/2004 2018/2018/2018
f 2022/2022/2022 2015/2015/2015 2023/2023/2023
f 2018/2018/2018 2021/2021/2021 2024/2024/2024
f 2015/2015/2015 2014/2014/2014 2025/2025/2025
f 2023/2023/2023 2015/2015/2015 2025/2025/2025
f 2000/2000/2000 1989/1989/1989 2026/2026/2026
f 1973/1973/1973 1977/1977/1977 2027/2027/2027
f 2026/2026/2026 1989/1989/1989 2028/2028/2028
f 1977/1977/1977 2029/2029/2029 2027/2027/2027
f 1978/1978/1978 1966/1966/1966 2030/2030/2030
f 2027/2027/2027 2029/2029/2029 2031/2031/2031
f 2032/2032/2032 2033/2033/2033 2034/2034/2034
f 1949/1949/1949 2019/2019/2019 2035/2035/2035
f 2036/2036/2036 2030/2030/2030 2034/2034/2034
f 2033/2033/2033 2037/2037/2037 2034/2034/2034
f 2037/2037/2037 2036/2036/2036 2034/2034/2034
f 2030/2030/2030 1966/1966/1966 2038/2038/2038
f 2034/2034/2034 2030/2030/2030 2038/2038/2038
f 2039/2039/2039 2040/2040/2040 2041/2041/2041
f 1949/1949/1949 2035/2035/2035 2042/2042/2042
f 2043/2043/2043 2044/2044/2044 2045/2045/2045
f 2035/2035/2035 2046/2046/2046 2042/2042/2042
f 2042/2042/2042 2046/2046/2046 2047/2047/2047
f 2047/2047/2047 2046/2046/2046 2048/2048/2048
f 2041/2041/2041 2040/2040/2040 2049/2049/2049
f 2048/2048/2048 2046/2046/2046 2050/2050/2050
f 2043/2043/2043 2045/2045/2045 2051/2051/2051
f 2045/2045/2045 2052/2052/2052 2051/2051/2051
f 2047/2047/2047 2048/2048/2048 2053/2053/2053
f 2051/2051/2051 2052/2052/2052 2054/2054/2054
f 2055/2055/2055 2049/2049/2049 2056/2056/2056
f 2053/2053/2053 2048/2048/2048 2057/2057/2057
f 2049/2049/2049 2040/2040/2040 2058/2058/2058
f 2056/2056/2056 2049/2049/2049 2058/2058/2058
